transaction_id,customer_id,transaction_date,transaction_type,amount,category,merchant,balance_after
1,1052,2023-01-01 00:00:00,Debit,1322.93,Food,Walmart,40291.07
2,1093,2023-01-01 01:00:00,Credit,1807.08,Shopping,Electricity Board,38032.03
3,1015,2023-01-01 02:00:00,Debit,447.34,Food,Netflix,7779.61
4,1072,2023-01-01 03:00:00,Debit,4685.42,Shopping,Netflix,7547.55
5,1061,2023-01-01 04:00:00,Debit,2773.47,Transport,Netflix,13481.9
6,1021,2023-01-01 05:00:00,Debit,1534.57,Transfer,Bank Transfer,18117.63
7,1083,2023-01-01 06:00:00,Debit,1990.94,Transport,Bank Transfer,20481.93
8,1087,2023-01-01 07:00:00,Debit,2241.54,Transport,Netflix,34016.89
9,1075,2023-01-01 08:00:00,Debit,3006.97,Food,Bank Transfer,2928.35
10,1075,2023-01-01 09:00:00,Credit,2583.24,Transfer,Uber,1830.17
11,1088,2023-01-01 10:00:00,Debit,4597.77,Shopping,Netflix,19656.34
12,1100,2023-01-01 11:00:00,Debit,2489.85,Shopping,Uber,34888.47
13,1024,2023-01-01 12:00:00,Debit,4960.87,Entertainment,Uber,9752.42
14,1003,2023-01-01 13:00:00,Debit,4258.61,Bills,Netflix,32111.07
15,1022,2023-01-01 14:00:00,Debit,1050.47,Entertainment,Walmart,13065.42
16,1053,2023-01-01 15:00:00,Debit,4653.67,Entertainment,Netflix,44315.7
17,1002,2023-01-01 16:00:00,Debit,590.67,Shopping,Netflix,44794.93
18,1088,2023-01-01 17:00:00,Debit,4089.07,Food,Bank Transfer,14934.63
19,1030,2023-01-01 18:00:00,Debit,1909.31,Transport,Netflix,11576.69
20,1038,2023-01-01 19:00:00,Credit,4391.09,Transport,Walmart,20624.07
21,1002,2023-01-01 20:00:00,Debit,4341.6,Transport,Bank Transfer,12102.53
22,1064,2023-01-01 21:00:00,Debit,4031.57,Transfer,Amazon,33651.95
23,1060,2023-01-01 22:00:00,Debit,3952.25,Shopping,Amazon,41320.63
24,1021,2023-01-01 23:00:00,Credit,1530.35,Food,Uber,33687.3
25,1033,2023-01-02 00:00:00,Debit,413.79,Transfer,Uber,41235.09
26,1076,2023-01-02 01:00:00,Debit,2020.87,Bills,Walmart,19909.91
27,1058,2023-01-02 02:00:00,Credit,875.89,Food,Electricity Board,7900.22
28,1022,2023-01-02 03:00:00,Credit,3477.81,Entertainment,Amazon,36923.75
29,1089,2023-01-02 04:00:00,Credit,1737.04,Food,Uber,18087.68
30,1049,2023-01-02 05:00:00,Debit,4878.29,Food,Amazon,33596.41
31,1091,2023-01-02 06:00:00,Debit,3208.45,Transport,Walmart,13605.13
32,1059,2023-01-02 07:00:00,Debit,4114.18,Food,Walmart,4153.36
33,1042,2023-01-02 08:00:00,Credit,671.3,Entertainment,Electricity Board,49629.83
34,1092,2023-01-02 09:00:00,Debit,4311.45,Entertainment,Electricity Board,7894.46
35,1060,2023-01-02 10:00:00,Debit,4614.56,Shopping,Bank Transfer,49422.21
36,1080,2023-01-02 11:00:00,Debit,2440.44,Food,Walmart,48866.27
37,1015,2023-01-02 12:00:00,Credit,3035.2,Transport,Uber,39711.52
38,1062,2023-01-02 13:00:00,Debit,3826.4,Food,Amazon,33005.21
39,1062,2023-01-02 14:00:00,Debit,882.44,Bills,Netflix,28932.57
40,1047,2023-01-02 15:00:00,Debit,2517.8,Bills,Electricity Board,43318.47
41,1062,2023-01-02 16:00:00,Debit,1999.33,Transport,Netflix,14543.03
42,1051,2023-01-02 17:00:00,Debit,740.41,Shopping,Uber,23437.29
43,1055,2023-01-02 18:00:00,Debit,1844.0,Shopping,Electricity Board,31007.56
44,1064,2023-01-02 19:00:00,Debit,350.18,Entertainment,Netflix,20618.4
45,1003,2023-01-02 20:00:00,Debit,138.8,Entertainment,Uber,21431.57
46,1051,2023-01-02 21:00:00,Debit,684.48,Transfer,Amazon,16581.2
47,1007,2023-01-02 22:00:00,Debit,4815.94,Transport,Uber,28255.17
48,1021,2023-01-02 23:00:00,Debit,2752.15,Food,Bank Transfer,42543.67
49,1073,2023-01-03 00:00:00,Debit,4829.45,Transport,Electricity Board,10156.27
50,1039,2023-01-03 01:00:00,Debit,2168.16,Transfer,Walmart,46728.21
51,1018,2023-01-03 02:00:00,Debit,1565.96,Entertainment,Amazon,34485.47
52,1004,2023-01-03 03:00:00,Debit,2535.65,Transport,Netflix,41181.33
53,1089,2023-01-03 04:00:00,Debit,2203.16,Transport,Electricity Board,27853.92
54,1060,2023-01-03 05:00:00,Credit,537.27,Entertainment,Walmart,38997.88
55,1014,2023-01-03 06:00:00,Debit,3207.72,Transfer,Uber,908.4
56,1009,2023-01-03 07:00:00,Credit,1088.03,Entertainment,Walmart,40937.18
57,1090,2023-01-03 08:00:00,Debit,3101.74,Shopping,Electricity Board,2102.93
58,1053,2023-01-03 09:00:00,Debit,3254.5,Food,Electricity Board,44506.68
59,1002,2023-01-03 10:00:00,Credit,768.6,Entertainment,Bank Transfer,49598.94
60,1084,2023-01-03 11:00:00,Debit,316.13,Transfer,Bank Transfer,14773.97
61,1092,2023-01-03 12:00:00,Debit,3906.0,Bills,Walmart,10594.9
62,1060,2023-01-03 13:00:00,Debit,2304.4,Shopping,Uber,38291.63
63,1071,2023-01-03 14:00:00,Debit,300.24,Bills,Walmart,12726.01
64,1044,2023-01-03 15:00:00,Credit,4974.38,Entertainment,Electricity Board,43291.56
65,1008,2023-01-03 16:00:00,Credit,298.32,Shopping,Electricity Board,5231.85
66,1047,2023-01-03 17:00:00,Credit,3478.23,Food,Netflix,6385.16
67,1035,2023-01-03 18:00:00,Debit,4918.56,Entertainment,Bank Transfer,48959.66
68,1078,2023-01-03 19:00:00,Credit,1203.51,Food,Netflix,33724.56
69,1081,2023-01-03 20:00:00,Credit,719.82,Transport,Amazon,42359.67
70,1036,2023-01-03 21:00:00,Debit,615.71,Bills,Electricity Board,16284.04
71,1050,2023-01-03 22:00:00,Debit,1523.34,Shopping,Netflix,33856.54
72,1004,2023-01-03 23:00:00,Credit,514.22,Food,Walmart,29752.67
73,1002,2023-01-04 00:00:00,Debit,3463.89,Transfer,Bank Transfer,30197.19
74,1006,2023-01-04 01:00:00,Credit,320.84,Food,Bank Transfer,34158.37
75,1054,2023-01-04 02:00:00,Debit,2552.02,Transfer,Uber,28810.42
76,1004,2023-01-04 03:00:00,Credit,4983.52,Entertainment,Walmart,21510.21
77,1054,2023-01-04 04:00:00,Debit,4071.71,Shopping,Uber,13868.54
78,1093,2023-01-04 05:00:00,Debit,3079.94,Food,Netflix,38452.21
79,1063,2023-01-04 06:00:00,Debit,1538.21,Food,Amazon,11390.99
80,1018,2023-01-04 07:00:00,Credit,3123.24,Shopping,Walmart,34648.48
81,1090,2023-01-04 08:00:00,Debit,2639.94,Food,Walmart,11743.31
82,1044,2023-01-04 09:00:00,Debit,2136.16,Transfer,Walmart,31303.98
83,1034,2023-01-04 10:00:00,Debit,662.24,Food,Uber,37379.21
84,1074,2023-01-04 11:00:00,Credit,4434.16,Bills,Netflix,11013.82
85,1062,2023-01-04 12:00:00,Debit,2254.43,Entertainment,Walmart,3091.17
86,1100,2023-01-04 13:00:00,Credit,981.17,Transport,Walmart,6635.59
87,1014,2023-01-04 14:00:00,Debit,1845.12,Transfer,Bank Transfer,30339.25
88,1095,2023-01-04 15:00:00,Debit,2076.51,Bills,Amazon,42487.38
89,1048,2023-01-04 16:00:00,Debit,4139.41,Entertainment,Bank Transfer,2345.34
90,1015,2023-01-04 17:00:00,Debit,3670.74,Shopping,Bank Transfer,36734.15
91,1072,2023-01-04 18:00:00,Credit,3848.83,Transfer,Amazon,17131.8
92,1078,2023-01-04 19:00:00,Debit,65.05,Transport,Netflix,23978.57
93,1087,2023-01-04 20:00:00,Debit,2086.61,Entertainment,Bank Transfer,46450.09
94,1062,2023-01-04 21:00:00,Credit,2411.91,Transport,Netflix,16665.38
95,1040,2023-01-04 22:00:00,Debit,105.77,Shopping,Bank Transfer,23320.31
96,1085,2023-01-04 23:00:00,Debit,1306.47,Shopping,Electricity Board,782.75
97,1080,2023-01-05 00:00:00,Credit,3803.85,Transfer,Amazon,4171.78
98,1082,2023-01-05 01:00:00,Debit,694.18,Food,Bank Transfer,13003.72
99,1053,2023-01-05 02:00:00,Debit,2681.2,Shopping,Electricity Board,1489.83
100,1024,2023-01-05 03:00:00,Credit,1083.86,Entertainment,Uber,31605.63
101,1026,2023-01-05 04:00:00,Debit,70.48,Food,Electricity Board,21377.28
102,1089,2023-01-05 05:00:00,Debit,1213.6,Bills,Walmart,27452.45
103,1060,2023-01-05 06:00:00,Debit,4879.61,Transport,Bank Transfer,8814.89
104,1041,2023-01-05 07:00:00,Credit,4009.67,Food,Electricity Board,14867.01
105,1029,2023-01-05 08:00:00,Debit,4798.29,Transport,Netflix,33224.84
106,1015,2023-01-05 09:00:00,Debit,2444.39,Food,Uber,48268.61
107,1045,2023-01-05 10:00:00,Credit,557.58,Bills,Bank Transfer,2615.8
108,1065,2023-01-05 11:00:00,Credit,2744.32,Shopping,Walmart,44530.18
109,1089,2023-01-05 12:00:00,Debit,2277.34,Bills,Electricity Board,28886.37
110,1071,2023-01-05 13:00:00,Debit,4223.34,Shopping,Uber,28239.59
111,1009,2023-01-05 14:00:00,Debit,499.43,Shopping,Bank Transfer,25063.9
112,1088,2023-01-05 15:00:00,Credit,2446.32,Transport,Uber,3562.76
113,1001,2023-01-05 16:00:00,Debit,758.74,Entertainment,Walmart,4584.85
114,1008,2023-01-05 17:00:00,Debit,1630.13,Bills,Electricity Board,30085.51
115,1088,2023-01-05 18:00:00,Credit,3689.41,Food,Uber,17113.83
116,1063,2023-01-05 19:00:00,Credit,2385.33,Bills,Uber,45871.68
117,1011,2023-01-05 20:00:00,Debit,1885.68,Transport,Amazon,20388.87
118,1081,2023-01-05 21:00:00,Credit,1978.44,Shopping,Uber,7249.74
119,1008,2023-01-05 22:00:00,Debit,2302.64,Transport,Amazon,35764.47
120,1035,2023-01-05 23:00:00,Credit,3927.23,Transfer,Electricity Board,14738.34
121,1035,2023-01-06 00:00:00,Debit,4461.5,Transfer,Bank Transfer,26320.97
122,1033,2023-01-06 01:00:00,Debit,4777.12,Food,Bank Transfer,34921.86
123,1005,2023-01-06 02:00:00,Credit,3936.65,Transport,Electricity Board,45023.18
124,1041,2023-01-06 03:00:00,Debit,1583.88,Food,Electricity Board,39630.34
125,1028,2023-01-06 04:00:00,Debit,3443.79,Food,Netflix,33850.42
126,1007,2023-01-06 05:00:00,Credit,2193.64,Transfer,Electricity Board,34013.7
127,1073,2023-01-06 06:00:00,Credit,1280.81,Food,Uber,47301.64
128,1072,2023-01-06 07:00:00,Debit,4205.95,Transfer,Bank Transfer,14861.62
129,1012,2023-01-06 08:00:00,Debit,201.75,Shopping,Walmart,155.49
130,1034,2023-01-06 09:00:00,Debit,4509.79,Transport,Bank Transfer,13670.53
131,1033,2023-01-06 10:00:00,Debit,2312.77,Food,Amazon,10972.78
132,1048,2023-01-06 11:00:00,Debit,3189.64,Transfer,Bank Transfer,33125.55
133,1023,2023-01-06 12:00:00,Debit,3300.18,Bills,Netflix,31722.21
134,1062,2023-01-06 13:00:00,Credit,4476.64,Food,Electricity Board,29713.72
135,1088,2023-01-06 14:00:00,Debit,3186.98,Entertainment,Electricity Board,910.55
136,1037,2023-01-06 15:00:00,Debit,3073.53,Shopping,Bank Transfer,36466.02
137,1099,2023-01-06 16:00:00,Debit,342.59,Shopping,Walmart,16244.17
138,1044,2023-01-06 17:00:00,Credit,2596.86,Bills,Walmart,33286.29
139,1086,2023-01-06 18:00:00,Debit,759.34,Transfer,Netflix,27873.26
140,1091,2023-01-06 19:00:00,Debit,3689.79,Food,Amazon,17202.27
141,1035,2023-01-06 20:00:00,Debit,2565.99,Transfer,Bank Transfer,6815.36
142,1065,2023-01-06 21:00:00,Debit,3404.34,Shopping,Electricity Board,4811.5
143,1099,2023-01-06 22:00:00,Debit,217.95,Transfer,Bank Transfer,41592.76
144,1047,2023-01-06 23:00:00,Credit,433.11,Shopping,Netflix,45928.04
145,1078,2023-01-07 00:00:00,Credit,3584.45,Transfer,Uber,32524.42
146,1003,2023-01-07 01:00:00,Debit,369.7,Bills,Uber,5261.36
147,1001,2023-01-07 02:00:00,Debit,365.57,Transport,Netflix,20161.16
148,1005,2023-01-07 03:00:00,Credit,70.42,Bills,Electricity Board,36474.07
149,1090,2023-01-07 04:00:00,Credit,4782.94,Bills,Netflix,39013.06
150,1014,2023-01-07 05:00:00,Debit,3690.17,Transport,Electricity Board,5999.11
151,1027,2023-01-07 06:00:00,Debit,1772.72,Transport,Walmart,101.53
152,1009,2023-01-07 07:00:00,Debit,1489.71,Food,Netflix,35635.64
153,1079,2023-01-07 08:00:00,Debit,1755.02,Food,Electricity Board,17894.15
154,1015,2023-01-07 09:00:00,Credit,3875.52,Bills,Netflix,12798.62
155,1090,2023-01-07 10:00:00,Credit,3310.24,Bills,Netflix,743.58
156,1042,2023-01-07 11:00:00,Credit,934.13,Shopping,Electricity Board,27060.94
157,1077,2023-01-07 12:00:00,Debit,878.81,Shopping,Electricity Board,42572.42
158,1051,2023-01-07 13:00:00,Debit,500.99,Food,Amazon,47885.82
159,1063,2023-01-07 14:00:00,Credit,3304.91,Entertainment,Netflix,28330.67
160,1096,2023-01-07 15:00:00,Credit,3824.22,Entertainment,Uber,25771.62
161,1052,2023-01-07 16:00:00,Debit,1332.58,Food,Netflix,4344.31
162,1096,2023-01-07 17:00:00,Credit,114.52,Shopping,Netflix,27488.75
163,1004,2023-01-07 18:00:00,Credit,420.04,Shopping,Electricity Board,19060.96
164,1094,2023-01-07 19:00:00,Debit,4839.62,Entertainment,Netflix,30396.05
165,1023,2023-01-07 20:00:00,Debit,1484.27,Transfer,Bank Transfer,19497.44
166,1015,2023-01-07 21:00:00,Debit,3848.42,Transfer,Netflix,12090.93
167,1043,2023-01-07 22:00:00,Debit,3127.07,Shopping,Bank Transfer,4838.77
168,1029,2023-01-07 23:00:00,Debit,1915.88,Transfer,Uber,15814.43
169,1036,2023-01-08 00:00:00,Credit,1036.38,Transport,Electricity Board,4922.58
170,1013,2023-01-08 01:00:00,Debit,615.72,Food,Netflix,8927.16
171,1032,2023-01-08 02:00:00,Debit,3078.91,Food,Bank Transfer,49368.07
172,1071,2023-01-08 03:00:00,Debit,3875.42,Shopping,Bank Transfer,22260.77
173,1059,2023-01-08 04:00:00,Debit,3223.08,Bills,Bank Transfer,26640.4
174,1086,2023-01-08 05:00:00,Credit,2656.21,Entertainment,Walmart,43693.56
175,1028,2023-01-08 06:00:00,Debit,219.34,Shopping,Amazon,49778.89
176,1066,2023-01-08 07:00:00,Debit,4842.76,Transfer,Uber,29177.45
177,1042,2023-01-08 08:00:00,Credit,3995.58,Entertainment,Netflix,40642.44
178,1045,2023-01-08 09:00:00,Debit,1471.18,Bills,Walmart,16414.36
179,1062,2023-01-08 10:00:00,Debit,4900.05,Transfer,Netflix,15356.62
180,1057,2023-01-08 11:00:00,Debit,3013.39,Transport,Netflix,20194.92
181,1006,2023-01-08 12:00:00,Debit,2916.29,Transfer,Electricity Board,33658.11
182,1028,2023-01-08 13:00:00,Debit,3742.89,Transport,Electricity Board,34141.37
183,1028,2023-01-08 14:00:00,Debit,4060.73,Entertainment,Electricity Board,15830.45
184,1044,2023-01-08 15:00:00,Debit,3285.83,Transport,Walmart,6747.18
185,1084,2023-01-08 16:00:00,Credit,649.2,Entertainment,Netflix,31656.57
186,1030,2023-01-08 17:00:00,Debit,1697.95,Entertainment,Amazon,6503.46
187,1062,2023-01-08 18:00:00,Debit,4641.14,Entertainment,Uber,28966.78
188,1075,2023-01-08 19:00:00,Debit,1130.83,Entertainment,Electricity Board,34701.76
189,1092,2023-01-08 20:00:00,Debit,1867.11,Entertainment,Electricity Board,35060.51
190,1089,2023-01-08 21:00:00,Debit,2166.06,Transfer,Netflix,37698.26
191,1062,2023-01-08 22:00:00,Debit,2202.63,Entertainment,Netflix,43655.69
192,1097,2023-01-08 23:00:00,Credit,3068.57,Transfer,Walmart,25047.95
193,1001,2023-01-09 00:00:00,Debit,4715.95,Entertainment,Walmart,36539.43
194,1027,2023-01-09 01:00:00,Debit,1211.06,Transport,Electricity Board,30996.72
195,1062,2023-01-09 02:00:00,Debit,616.29,Entertainment,Netflix,9413.33
196,1077,2023-01-09 03:00:00,Credit,995.38,Bills,Amazon,1381.91
197,1003,2023-01-09 04:00:00,Debit,4435.76,Entertainment,Uber,14298.62
198,1070,2023-01-09 05:00:00,Debit,3232.6,Entertainment,Netflix,22207.38
199,1072,2023-01-09 06:00:00,Debit,1436.67,Transport,Netflix,30893.59
200,1027,2023-01-09 07:00:00,Credit,4081.58,Food,Bank Transfer,42512.97
201,1009,2023-01-09 08:00:00,Debit,4308.24,Transport,Walmart,9892.66
202,1062,2023-01-09 09:00:00,Credit,4234.11,Bills,Uber,6364.93
203,1037,2023-01-09 10:00:00,Debit,4595.44,Food,Electricity Board,48177.65
204,1097,2023-01-09 11:00:00,Debit,1268.68,Shopping,Netflix,5491.42
205,1051,2023-01-09 12:00:00,Debit,3777.66,Shopping,Electricity Board,23976.7
206,1044,2023-01-09 13:00:00,Debit,2308.09,Bills,Netflix,29319.63
207,1024,2023-01-09 14:00:00,Debit,4211.57,Transport,Electricity Board,27114.58
208,1079,2023-01-09 15:00:00,Debit,3645.17,Transfer,Uber,4393.0
209,1059,2023-01-09 16:00:00,Credit,3884.47,Bills,Walmart,2945.64
210,1032,2023-01-09 17:00:00,Debit,3284.25,Food,Uber,5363.62
211,1096,2023-01-09 18:00:00,Debit,895.37,Food,Bank Transfer,29320.83
212,1088,2023-01-09 19:00:00,Debit,2729.68,Entertainment,Amazon,27262.81
213,1052,2023-01-09 20:00:00,Debit,4923.5,Shopping,Walmart,11763.67
214,1062,2023-01-09 21:00:00,Debit,4687.57,Food,Uber,31924.93
215,1058,2023-01-09 22:00:00,Debit,225.44,Bills,Bank Transfer,41021.37
216,1052,2023-01-09 23:00:00,Debit,832.43,Food,Amazon,2174.79
217,1012,2023-01-10 00:00:00,Credit,667.33,Bills,Bank Transfer,24956.68
218,1039,2023-01-10 01:00:00,Credit,3632.64,Transfer,Netflix,34496.59
219,1002,2023-01-10 02:00:00,Debit,4090.75,Entertainment,Netflix,12690.37
220,1003,2023-01-10 03:00:00,Debit,1075.42,Shopping,Electricity Board,15457.77
221,1056,2023-01-10 04:00:00,Debit,2534.2,Food,Walmart,30720.53
222,1081,2023-01-10 05:00:00,Debit,4205.11,Bills,Netflix,44906.97
223,1059,2023-01-10 06:00:00,Debit,3666.68,Transport,Bank Transfer,40515.23
224,1002,2023-01-10 07:00:00,Debit,2715.76,Shopping,Walmart,29198.2
225,1002,2023-01-10 08:00:00,Credit,2955.83,Transfer,Netflix,36538.06
226,1092,2023-01-10 09:00:00,Debit,2546.72,Bills,Electricity Board,18304.64
227,1054,2023-01-10 10:00:00,Debit,1494.77,Entertainment,Uber,32084.18
228,1087,2023-01-10 11:00:00,Debit,2829.46,Entertainment,Electricity Board,23362.46
229,1096,2023-01-10 12:00:00,Debit,3447.54,Transfer,Amazon,9577.81
230,1097,2023-01-10 13:00:00,Debit,4367.88,Transfer,Netflix,35116.74
231,1001,2023-01-10 14:00:00,Debit,3185.09,Entertainment,Amazon,27867.59
232,1019,2023-01-10 15:00:00,Debit,3808.0,Food,Amazon,17995.22
233,1002,2023-01-10 16:00:00,Credit,808.76,Food,Bank Transfer,45575.83
234,1053,2023-01-10 17:00:00,Debit,2313.17,Bills,Walmart,1144.61
235,1044,2023-01-10 18:00:00,Debit,56.56,Transport,Bank Transfer,15857.08
236,1090,2023-01-10 19:00:00,Debit,1240.93,Bills,Netflix,2938.38
237,1032,2023-01-10 20:00:00,Debit,3635.04,Transport,Amazon,38349.71
238,1070,2023-01-10 21:00:00,Debit,4959.13,Transfer,Uber,35135.16
239,1032,2023-01-10 22:00:00,Credit,504.9,Shopping,Amazon,16634.48
240,1068,2023-01-10 23:00:00,Credit,2013.46,Bills,Uber,33815.58
241,1055,2023-01-11 00:00:00,Credit,4002.35,Bills,Bank Transfer,19857.27
242,1075,2023-01-11 01:00:00,Debit,1028.14,Transport,Bank Transfer,37837.06
243,1056,2023-01-11 02:00:00,Debit,2779.87,Transfer,Walmart,22763.76
244,1017,2023-01-11 03:00:00,Debit,3668.03,Transfer,Amazon,20672.76
245,1038,2023-01-11 04:00:00,Debit,3083.77,Transport,Electricity Board,46743.02
246,1024,2023-01-11 05:00:00,Credit,948.24,Transfer,Bank Transfer,12618.87
247,1069,2023-01-11 06:00:00,Debit,1783.37,Entertainment,Bank Transfer,6110.32
248,1098,2023-01-11 07:00:00,Debit,3921.12,Food,Walmart,29268.7
249,1070,2023-01-11 08:00:00,Debit,2775.59,Entertainment,Uber,48469.16
250,1086,2023-01-11 09:00:00,Debit,36.1,Shopping,Walmart,18954.18
251,1011,2023-01-11 10:00:00,Debit,3807.34,Bills,Amazon,3195.63
252,1016,2023-01-11 11:00:00,Debit,186.2,Shopping,Netflix,17031.33
253,1097,2023-01-11 12:00:00,Debit,3731.21,Bills,Netflix,25345.99
254,1073,2023-01-11 13:00:00,Credit,1020.38,Food,Uber,8179.96
255,1059,2023-01-11 14:00:00,Credit,4790.79,Transfer,Bank Transfer,32939.3
256,1070,2023-01-11 15:00:00,Debit,1846.02,Entertainment,Uber,49887.69
257,1080,2023-01-11 16:00:00,Debit,1641.39,Transport,Bank Transfer,22641.8
258,1093,2023-01-11 17:00:00,Debit,752.95,Entertainment,Bank Transfer,17800.95
259,1003,2023-01-11 18:00:00,Debit,1534.97,Food,Netflix,20095.14
260,1020,2023-01-11 19:00:00,Debit,4384.49,Shopping,Uber,5845.79
261,1059,2023-01-11 20:00:00,Debit,4981.71,Transport,Walmart,44175.35
262,1036,2023-01-11 21:00:00,Debit,1847.86,Transfer,Bank Transfer,20799.8
263,1019,2023-01-11 22:00:00,Debit,2248.57,Food,Electricity Board,19424.99
264,1090,2023-01-11 23:00:00,Debit,3613.13,Transport,Electricity Board,33018.54
265,1067,2023-01-12 00:00:00,Debit,4432.12,Food,Walmart,22157.47
266,1019,2023-01-12 01:00:00,Credit,2969.29,Food,Electricity Board,32446.85
267,1020,2023-01-12 02:00:00,Credit,1963.71,Transfer,Amazon,3166.17
268,1096,2023-01-12 03:00:00,Debit,2068.98,Bills,Bank Transfer,40704.79
269,1071,2023-01-12 04:00:00,Credit,3481.13,Transport,Walmart,47031.15
270,1052,2023-01-12 05:00:00,Debit,26.06,Transfer,Uber,32473.39
271,1033,2023-01-12 06:00:00,Credit,3101.75,Food,Bank Transfer,47732.84
272,1040,2023-01-12 07:00:00,Credit,1783.91,Transfer,Walmart,7656.47
273,1039,2023-01-12 08:00:00,Debit,3973.04,Bills,Netflix,23923.07
274,1082,2023-01-12 09:00:00,Debit,474.02,Entertainment,Uber,30130.16
275,1001,2023-01-12 10:00:00,Debit,2945.13,Transport,Netflix,29128.66
276,1011,2023-01-12 11:00:00,Debit,2410.05,Bills,Bank Transfer,20132.94
277,1092,2023-01-12 12:00:00,Debit,3215.2,Shopping,Uber,16970.41
278,1057,2023-01-12 13:00:00,Debit,333.62,Transport,Electricity Board,6428.52
279,1089,2023-01-12 14:00:00,Debit,2904.12,Bills,Walmart,19647.95
280,1050,2023-01-12 15:00:00,Credit,2811.81,Food,Bank Transfer,8216.77
281,1023,2023-01-12 16:00:00,Credit,2807.69,Transport,Amazon,36744.85
282,1031,2023-01-12 17:00:00,Debit,3021.4,Transport,Uber,10520.66
283,1094,2023-01-12 18:00:00,Debit,3385.58,Transfer,Uber,3022.41
284,1042,2023-01-12 19:00:00,Debit,4026.9,Food,Bank Transfer,27663.07
285,1099,2023-01-12 20:00:00,Debit,1356.41,Shopping,Bank Transfer,29801.96
286,1007,2023-01-12 21:00:00,Credit,4127.0,Entertainment,Netflix,43608.46
287,1016,2023-01-12 22:00:00,Debit,2496.3,Bills,Electricity Board,28891.38
288,1090,2023-01-12 23:00:00,Debit,394.52,Transfer,Netflix,17339.49
289,1060,2023-01-13 00:00:00,Debit,302.17,Bills,Netflix,40170.29
290,1002,2023-01-13 01:00:00,Debit,1677.85,Shopping,Electricity Board,27059.92
291,1001,2023-01-13 02:00:00,Debit,3926.64,Shopping,Amazon,4056.09
292,1048,2023-01-13 03:00:00,Credit,3541.33,Transport,Netflix,28335.94
293,1012,2023-01-13 04:00:00,Debit,3945.19,Shopping,Netflix,45410.13
294,1069,2023-01-13 05:00:00,Debit,2591.17,Bills,Uber,19876.0
295,1037,2023-01-13 06:00:00,Debit,2206.59,Food,Electricity Board,14886.66
296,1032,2023-01-13 07:00:00,Credit,745.79,Food,Walmart,7259.13
297,1009,2023-01-13 08:00:00,Credit,1647.68,Transport,Amazon,7657.13
298,1099,2023-01-13 09:00:00,Debit,2175.76,Entertainment,Amazon,21695.3
299,1019,2023-01-13 10:00:00,Debit,452.12,Bills,Electricity Board,29824.42
300,1048,2023-01-13 11:00:00,Debit,1110.85,Bills,Bank Transfer,4122.71
301,1080,2023-01-13 12:00:00,Debit,2995.14,Shopping,Bank Transfer,46984.47
302,1003,2023-01-13 13:00:00,Credit,3680.96,Bills,Uber,37781.17
303,1020,2023-01-13 14:00:00,Debit,4991.75,Transfer,Uber,29372.53
304,1024,2023-01-13 15:00:00,Debit,4666.24,Entertainment,Electricity Board,41439.09
305,1054,2023-01-13 16:00:00,Debit,3216.4,Shopping,Uber,4101.32
306,1033,2023-01-13 17:00:00,Debit,2112.03,Transfer,Amazon,23894.26
307,1024,2023-01-13 18:00:00,Debit,3184.53,Transport,Amazon,31541.65
308,1075,2023-01-13 19:00:00,Credit,3930.4,Food,Walmart,41449.78
309,1072,2023-01-13 20:00:00,Debit,600.5,Transport,Bank Transfer,39195.13
310,1036,2023-01-13 21:00:00,Debit,2055.43,Food,Electricity Board,13925.76
311,1038,2023-01-13 22:00:00,Debit,4200.61,Transport,Netflix,47049.92
312,1084,2023-01-13 23:00:00,Debit,1925.33,Bills,Bank Transfer,6304.86
313,1099,2023-01-14 00:00:00,Debit,2863.64,Transfer,Netflix,43769.17
314,1089,2023-01-14 01:00:00,Debit,2942.97,Food,Walmart,48549.92
315,1099,2023-01-14 02:00:00,Credit,930.54,Shopping,Walmart,8939.96
316,1025,2023-01-14 03:00:00,Debit,1817.55,Transfer,Uber,36131.1
317,1093,2023-01-14 04:00:00,Debit,1679.21,Shopping,Walmart,2110.25
318,1018,2023-01-14 05:00:00,Debit,140.72,Transfer,Walmart,20330.6
319,1082,2023-01-14 06:00:00,Debit,130.72,Transfer,Netflix,25862.54
320,1066,2023-01-14 07:00:00,Credit,4160.17,Transport,Uber,29074.2
321,1054,2023-01-14 08:00:00,Credit,1372.62,Food,Walmart,46803.27
322,1035,2023-01-14 09:00:00,Debit,2595.21,Food,Bank Transfer,33645.31
323,1080,2023-01-14 10:00:00,Debit,1500.64,Transfer,Walmart,24115.77
324,1061,2023-01-14 11:00:00,Debit,4703.99,Bills,Uber,40502.78
325,1041,2023-01-14 12:00:00,Debit,1303.89,Bills,Electricity Board,47531.59
326,1100,2023-01-14 13:00:00,Debit,2153.99,Shopping,Uber,1201.1
327,1033,2023-01-14 14:00:00,Debit,4364.92,Shopping,Netflix,49127.81
328,1068,2023-01-14 15:00:00,Debit,4211.25,Transport,Electricity Board,4397.99
329,1033,2023-01-14 16:00:00,Debit,938.65,Transfer,Bank Transfer,40737.9
330,1014,2023-01-14 17:00:00,Credit,4015.19,Shopping,Amazon,14088.7
331,1021,2023-01-14 18:00:00,Debit,2296.35,Shopping,Uber,6695.76
332,1048,2023-01-14 19:00:00,Debit,2420.01,Entertainment,Netflix,22048.8
333,1020,2023-01-14 20:00:00,Credit,676.07,Transfer,Bank Transfer,32233.43
334,1008,2023-01-14 21:00:00,Debit,412.2,Transport,Electricity Board,19109.5
335,1007,2023-01-14 22:00:00,Debit,3642.42,Shopping,Bank Transfer,2822.81
336,1067,2023-01-14 23:00:00,Debit,2487.34,Transport,Uber,30013.11
337,1017,2023-01-15 00:00:00,Debit,2189.89,Food,Walmart,45129.92
338,1033,2023-01-15 01:00:00,Credit,3650.25,Transport,Uber,19222.45
339,1048,2023-01-15 02:00:00,Credit,3829.91,Bills,Amazon,10895.01
340,1076,2023-01-15 03:00:00,Debit,802.95,Bills,Uber,22184.61
341,1059,2023-01-15 04:00:00,Debit,3055.02,Transport,Electricity Board,2513.3
342,1086,2023-01-15 05:00:00,Debit,685.42,Bills,Electricity Board,41042.33
343,1022,2023-01-15 06:00:00,Debit,3759.36,Food,Uber,41334.41
344,1030,2023-01-15 07:00:00,Debit,3288.21,Transfer,Electricity Board,29441.22
345,1038,2023-01-15 08:00:00,Credit,4783.51,Bills,Walmart,17719.83
346,1051,2023-01-15 09:00:00,Debit,354.1,Bills,Bank Transfer,40009.19
347,1054,2023-01-15 10:00:00,Credit,294.7,Transport,Uber,27778.88
348,1008,2023-01-15 11:00:00,Debit,1418.11,Food,Walmart,41314.02
349,1027,2023-01-15 12:00:00,Debit,1315.91,Transfer,Bank Transfer,31609.79
350,1027,2023-01-15 13:00:00,Debit,1242.42,Transport,Bank Transfer,39241.83
351,1098,2023-01-15 14:00:00,Credit,4532.21,Transport,Walmart,29968.29
352,1021,2023-01-15 15:00:00,Credit,1255.24,Entertainment,Netflix,20765.64
353,1030,2023-01-15 16:00:00,Credit,1367.03,Food,Uber,47901.5
354,1097,2023-01-15 17:00:00,Debit,3799.4,Transfer,Bank Transfer,27101.58
355,1028,2023-01-15 18:00:00,Debit,2254.2,Food,Bank Transfer,30293.97
356,1064,2023-01-15 19:00:00,Credit,3885.79,Transfer,Electricity Board,11102.33
357,1097,2023-01-15 20:00:00,Debit,336.18,Food,Bank Transfer,31319.97
358,1069,2023-01-15 21:00:00,Debit,2442.98,Transport,Walmart,28623.22
359,1061,2023-01-15 22:00:00,Debit,177.73,Transport,Bank Transfer,9323.44
360,1048,2023-01-15 23:00:00,Credit,322.64,Shopping,Netflix,3073.4
361,1019,2023-01-16 00:00:00,Credit,4533.12,Bills,Uber,30257.53
362,1004,2023-01-16 01:00:00,Debit,704.83,Entertainment,Uber,38208.24
363,1035,2023-01-16 02:00:00,Credit,2666.78,Food,Bank Transfer,26217.73
364,1064,2023-01-16 03:00:00,Credit,2061.37,Entertainment,Amazon,11415.95
365,1049,2023-01-16 04:00:00,Debit,1743.24,Shopping,Amazon,33359.45
366,1017,2023-01-16 05:00:00,Debit,4500.17,Bills,Walmart,4097.28
367,1044,2023-01-16 06:00:00,Credit,118.9,Food,Amazon,22147.5
368,1092,2023-01-16 07:00:00,Debit,3322.31,Transfer,Walmart,8252.0
369,1030,2023-01-16 08:00:00,Debit,4817.34,Bills,Electricity Board,9304.51
370,1093,2023-01-16 09:00:00,Debit,2805.24,Transport,Walmart,10194.47
371,1046,2023-01-16 10:00:00,Credit,4684.74,Shopping,Amazon,19396.68
372,1006,2023-01-16 11:00:00,Credit,270.77,Bills,Bank Transfer,2652.4
373,1099,2023-01-16 12:00:00,Credit,2099.78,Bills,Electricity Board,19949.89
374,1037,2023-01-16 13:00:00,Debit,1308.19,Transport,Amazon,25634.2
375,1024,2023-01-16 14:00:00,Credit,3656.8,Food,Walmart,24216.38
376,1093,2023-01-16 15:00:00,Credit,4906.67,Transfer,Netflix,19200.93
377,1046,2023-01-16 16:00:00,Debit,1290.09,Transport,Uber,41973.42
378,1053,2023-01-16 17:00:00,Credit,3274.33,Transfer,Amazon,7351.8
379,1095,2023-01-16 18:00:00,Debit,998.51,Food,Walmart,25334.27
380,1099,2023-01-16 19:00:00,Debit,2831.0,Bills,Electricity Board,3195.87
381,1060,2023-01-16 20:00:00,Debit,2325.02,Transfer,Amazon,3650.67
382,1097,2023-01-16 21:00:00,Debit,4860.31,Shopping,Amazon,28735.91
383,1063,2023-01-16 22:00:00,Debit,3046.55,Shopping,Uber,28344.32
384,1085,2023-01-16 23:00:00,Debit,1754.04,Transport,Walmart,43913.87
385,1032,2023-01-17 00:00:00,Debit,579.34,Food,Netflix,27937.9
386,1087,2023-01-17 01:00:00,Credit,764.72,Transport,Electricity Board,47993.57
387,1033,2023-01-17 02:00:00,Debit,1134.33,Transport,Walmart,2529.87
388,1067,2023-01-17 03:00:00,Debit,1262.32,Entertainment,Electricity Board,4990.58
389,1018,2023-01-17 04:00:00,Debit,4254.57,Transport,Amazon,2298.89
390,1025,2023-01-17 05:00:00,Credit,2810.5,Entertainment,Uber,9345.31
391,1095,2023-01-17 06:00:00,Debit,2621.72,Shopping,Uber,27109.38
392,1054,2023-01-17 07:00:00,Debit,582.7,Shopping,Bank Transfer,32314.05
393,1058,2023-01-17 08:00:00,Credit,4302.1,Transport,Netflix,2374.7
394,1067,2023-01-17 09:00:00,Debit,3616.84,Shopping,Uber,47303.95
395,1046,2023-01-17 10:00:00,Debit,347.67,Food,Amazon,42124.05
396,1024,2023-01-17 11:00:00,Debit,3542.1,Entertainment,Netflix,14900.96
397,1032,2023-01-17 12:00:00,Credit,2722.26,Entertainment,Walmart,3951.66
398,1047,2023-01-17 13:00:00,Debit,417.81,Transport,Uber,8577.36
399,1086,2023-01-17 14:00:00,Credit,2296.92,Shopping,Netflix,6434.53
400,1023,2023-01-17 15:00:00,Debit,2428.63,Transfer,Amazon,6251.86
401,1066,2023-01-17 16:00:00,Credit,837.21,Entertainment,Bank Transfer,25976.23
402,1027,2023-01-17 17:00:00,Credit,4729.03,Transport,Electricity Board,12367.79
403,1002,2023-01-17 18:00:00,Credit,4251.38,Transport,Electricity Board,17971.17
404,1090,2023-01-17 19:00:00,Debit,3348.42,Food,Amazon,49476.32
405,1017,2023-01-17 20:00:00,Credit,2316.85,Bills,Amazon,34247.28
406,1033,2023-01-17 21:00:00,Debit,2064.71,Bills,Electricity Board,47454.14
407,1009,2023-01-17 22:00:00,Debit,3258.36,Entertainment,Bank Transfer,7213.57
408,1043,2023-01-17 23:00:00,Debit,2731.71,Food,Netflix,19168.76
409,1048,2023-01-18 00:00:00,Credit,320.74,Food,Electricity Board,27781.12
410,1039,2023-01-18 01:00:00,Credit,2567.39,Food,Amazon,3930.23
411,1093,2023-01-18 02:00:00,Credit,4033.95,Entertainment,Uber,308.95
412,1042,2023-01-18 03:00:00,Debit,2301.61,Bills,Walmart,33554.67
413,1026,2023-01-18 04:00:00,Debit,269.26,Food,Bank Transfer,32126.79
414,1099,2023-01-18 05:00:00,Credit,3933.53,Shopping,Bank Transfer,20598.36
415,1050,2023-01-18 06:00:00,Debit,1014.81,Transport,Uber,24533.24
416,1025,2023-01-18 07:00:00,Debit,1300.52,Transport,Uber,20830.61
417,1024,2023-01-18 08:00:00,Debit,831.88,Transfer,Amazon,1297.85
418,1013,2023-01-18 09:00:00,Debit,1657.77,Transfer,Electricity Board,16835.04
419,1060,2023-01-18 10:00:00,Debit,3786.19,Entertainment,Netflix,8936.4
420,1007,2023-01-18 11:00:00,Debit,2601.74,Entertainment,Bank Transfer,5011.37
421,1057,2023-01-18 12:00:00,Debit,1032.36,Transport,Bank Transfer,47840.35
422,1036,2023-01-18 13:00:00,Debit,4390.37,Shopping,Uber,30008.05
423,1045,2023-01-18 14:00:00,Credit,4399.11,Bills,Electricity Board,36459.95
424,1020,2023-01-18 15:00:00,Debit,4354.19,Bills,Bank Transfer,15836.65
425,1065,2023-01-18 16:00:00,Debit,1201.59,Entertainment,Netflix,19718.04
426,1008,2023-01-18 17:00:00,Debit,2261.68,Shopping,Uber,11922.51
427,1016,2023-01-18 18:00:00,Debit,4925.1,Entertainment,Netflix,4938.59
428,1014,2023-01-18 19:00:00,Credit,3862.34,Bills,Electricity Board,9033.68
429,1076,2023-01-18 20:00:00,Credit,145.57,Entertainment,Bank Transfer,39895.95
430,1087,2023-01-18 21:00:00,Debit,335.37,Food,Walmart,33909.54
431,1015,2023-01-18 22:00:00,Debit,2325.02,Entertainment,Bank Transfer,27391.75
432,1092,2023-01-18 23:00:00,Credit,4547.01,Transport,Electricity Board,23806.98
433,1098,2023-01-19 00:00:00,Credit,2698.12,Entertainment,Bank Transfer,46129.47
434,1066,2023-01-19 01:00:00,Debit,2494.08,Transport,Bank Transfer,3729.47
435,1032,2023-01-19 02:00:00,Debit,536.31,Shopping,Amazon,14101.98
436,1087,2023-01-19 03:00:00,Debit,3287.33,Bills,Bank Transfer,17561.9
437,1063,2023-01-19 04:00:00,Credit,4112.29,Transfer,Bank Transfer,39143.05
438,1086,2023-01-19 05:00:00,Debit,1908.3,Transfer,Netflix,49626.48
439,1051,2023-01-19 06:00:00,Credit,3880.3,Bills,Walmart,12109.46
440,1025,2023-01-19 07:00:00,Debit,4822.74,Transfer,Netflix,43727.94
441,1058,2023-01-19 08:00:00,Debit,1026.79,Entertainment,Netflix,41548.08
442,1063,2023-01-19 09:00:00,Debit,2621.41,Shopping,Uber,11310.4
443,1062,2023-01-19 10:00:00,Debit,1442.82,Shopping,Amazon,20026.7
444,1022,2023-01-19 11:00:00,Debit,3966.34,Bills,Netflix,20542.68
445,1058,2023-01-19 12:00:00,Debit,2892.19,Transfer,Electricity Board,48913.21
446,1058,2023-01-19 13:00:00,Debit,3176.57,Entertainment,Electricity Board,9126.51
447,1086,2023-01-19 14:00:00,Credit,3991.59,Shopping,Bank Transfer,39977.98
448,1049,2023-01-19 15:00:00,Debit,1985.89,Shopping,Uber,16776.22
449,1052,2023-01-19 16:00:00,Debit,4576.3,Food,Amazon,36570.43
450,1042,2023-01-19 17:00:00,Credit,2669.81,Food,Amazon,21058.55
451,1070,2023-01-19 18:00:00,Credit,798.19,Shopping,Bank Transfer,28960.15
452,1015,2023-01-19 19:00:00,Credit,3482.54,Bills,Electricity Board,41647.33
453,1054,2023-01-19 20:00:00,Credit,3968.37,Transport,Walmart,40227.86
454,1060,2023-01-19 21:00:00,Debit,1590.64,Transport,Uber,43334.52
455,1097,2023-01-19 22:00:00,Debit,4287.32,Entertainment,Bank Transfer,3074.9
456,1008,2023-01-19 23:00:00,Credit,4531.65,Shopping,Uber,34633.32
457,1053,2023-01-20 00:00:00,Debit,1391.75,Shopping,Electricity Board,7085.37
458,1060,2023-01-20 01:00:00,Debit,4917.77,Shopping,Electricity Board,20849.35
459,1005,2023-01-20 02:00:00,Credit,712.15,Bills,Walmart,27474.56
460,1068,2023-01-20 03:00:00,Debit,1018.06,Food,Walmart,20196.7
461,1006,2023-01-20 04:00:00,Debit,929.28,Shopping,Amazon,26028.62
462,1096,2023-01-20 05:00:00,Debit,4471.01,Shopping,Uber,49826.66
463,1094,2023-01-20 06:00:00,Debit,3274.92,Transfer,Uber,6847.34
464,1047,2023-01-20 07:00:00,Debit,769.0,Bills,Electricity Board,33805.26
465,1099,2023-01-20 08:00:00,Debit,2207.21,Entertainment,Amazon,19860.45
466,1055,2023-01-20 09:00:00,Credit,3080.34,Shopping,Bank Transfer,6737.19
467,1040,2023-01-20 10:00:00,Debit,426.49,Transfer,Uber,8020.96
468,1052,2023-01-20 11:00:00,Debit,4413.26,Transport,Amazon,47468.73
469,1016,2023-01-20 12:00:00,Credit,4019.98,Entertainment,Amazon,43992.11
470,1013,2023-01-20 13:00:00,Credit,2530.98,Shopping,Electricity Board,45361.39
471,1030,2023-01-20 14:00:00,Credit,4835.96,Shopping,Amazon,49577.49
472,1019,2023-01-20 15:00:00,Credit,2094.63,Transfer,Walmart,10494.94
473,1017,2023-01-20 16:00:00,Debit,4920.71,Bills,Walmart,17836.42
474,1063,2023-01-20 17:00:00,Debit,3342.92,Shopping,Netflix,33494.03
475,1019,2023-01-20 18:00:00,Debit,3177.01,Transport,Electricity Board,24241.75
476,1092,2023-01-20 19:00:00,Debit,838.11,Shopping,Bank Transfer,20977.64
477,1058,2023-01-20 20:00:00,Debit,4410.82,Transport,Netflix,17954.78
478,1055,2023-01-20 21:00:00,Debit,2143.17,Entertainment,Walmart,29729.65
479,1090,2023-01-20 22:00:00,Credit,819.54,Entertainment,Netflix,28822.11
480,1090,2023-01-20 23:00:00,Debit,72.91,Food,Electricity Board,8156.75
481,1062,2023-01-21 00:00:00,Debit,2803.18,Food,Electricity Board,23639.82
482,1023,2023-01-21 01:00:00,Debit,2641.72,Transport,Amazon,27718.24
483,1009,2023-01-21 02:00:00,Debit,3599.57,Bills,Uber,28557.32
484,1012,2023-01-21 03:00:00,Debit,4452.39,Shopping,Amazon,10584.35
485,1001,2023-01-21 04:00:00,Credit,406.24,Shopping,Electricity Board,37139.34
486,1058,2023-01-21 05:00:00,Debit,3660.17,Food,Walmart,1357.43
487,1001,2023-01-21 06:00:00,Debit,945.19,Transport,Bank Transfer,17806.11
488,1034,2023-01-21 07:00:00,Debit,4292.3,Shopping,Walmart,39032.61
489,1096,2023-01-21 08:00:00,Credit,4097.13,Shopping,Amazon,28238.26
490,1048,2023-01-21 09:00:00,Debit,2708.56,Bills,Bank Transfer,13132.01
491,1089,2023-01-21 10:00:00,Debit,3554.11,Transfer,Electricity Board,34778.16
492,1001,2023-01-21 11:00:00,Debit,1578.61,Food,Walmart,28412.81
493,1016,2023-01-21 12:00:00,Debit,2361.13,Food,Electricity Board,39832.56
494,1061,2023-01-21 13:00:00,Credit,4109.97,Transfer,Bank Transfer,36777.76
495,1064,2023-01-21 14:00:00,Credit,2301.73,Shopping,Bank Transfer,30544.39
496,1063,2023-01-21 15:00:00,Debit,1795.41,Bills,Walmart,24460.07
497,1069,2023-01-21 16:00:00,Credit,2476.12,Bills,Electricity Board,6745.79
498,1022,2023-01-21 17:00:00,Credit,4142.96,Food,Netflix,13140.52
499,1093,2023-01-21 18:00:00,Credit,1682.69,Bills,Electricity Board,21013.06
500,1067,2023-01-21 19:00:00,Credit,877.07,Entertainment,Bank Transfer,30005.03
501,1076,2023-01-21 20:00:00,Debit,3562.95,Transfer,Electricity Board,25734.02
502,1026,2023-01-21 21:00:00,Debit,4131.63,Shopping,Amazon,14480.41
503,1016,2023-01-21 22:00:00,Debit,512.18,Entertainment,Netflix,422.57
504,1051,2023-01-21 23:00:00,Credit,1206.97,Transfer,Uber,24862.34
505,1086,2023-01-22 00:00:00,Debit,718.44,Transport,Amazon,14352.74
506,1057,2023-01-22 01:00:00,Credit,1746.23,Food,Uber,36756.95
507,1029,2023-01-22 02:00:00,Credit,2257.25,Bills,Walmart,1294.92
508,1078,2023-01-22 03:00:00,Debit,3746.64,Transport,Uber,29282.91
509,1092,2023-01-22 04:00:00,Credit,3259.23,Bills,Electricity Board,47079.56
510,1069,2023-01-22 05:00:00,Debit,3108.43,Entertainment,Uber,8803.02
511,1047,2023-01-22 06:00:00,Debit,1768.35,Shopping,Bank Transfer,23635.31
512,1094,2023-01-22 07:00:00,Credit,4208.82,Shopping,Amazon,4661.96
513,1062,2023-01-22 08:00:00,Debit,2361.72,Shopping,Amazon,31321.53
514,1069,2023-01-22 09:00:00,Credit,4895.73,Bills,Uber,27571.53
515,1076,2023-01-22 10:00:00,Credit,3174.37,Transport,Amazon,20427.54
516,1016,2023-01-22 11:00:00,Debit,640.06,Shopping,Bank Transfer,26116.71
517,1090,2023-01-22 12:00:00,Debit,3384.13,Transport,Amazon,44839.08
518,1090,2023-01-22 13:00:00,Debit,1632.27,Bills,Uber,9895.09
519,1048,2023-01-22 14:00:00,Debit,3434.77,Entertainment,Netflix,1225.97
520,1085,2023-01-22 15:00:00,Credit,357.51,Transport,Netflix,43097.08
521,1039,2023-01-22 16:00:00,Debit,882.66,Entertainment,Walmart,28898.14
522,1100,2023-01-22 17:00:00,Debit,4280.13,Bills,Amazon,44543.86
523,1033,2023-01-22 18:00:00,Debit,1143.63,Bills,Uber,29887.57
524,1094,2023-01-22 19:00:00,Debit,4186.84,Food,Amazon,40527.04
525,1023,2023-01-22 20:00:00,Credit,1403.59,Bills,Electricity Board,21540.7
526,1010,2023-01-22 21:00:00,Debit,3217.98,Bills,Bank Transfer,37518.01
527,1069,2023-01-22 22:00:00,Credit,3473.81,Transfer,Amazon,45660.77
528,1100,2023-01-22 23:00:00,Debit,2568.15,Shopping,Amazon,28648.94
529,1034,2023-01-23 00:00:00,Credit,1533.5,Food,Netflix,9121.18
530,1052,2023-01-23 01:00:00,Debit,1071.1,Food,Bank Transfer,13513.0
531,1095,2023-01-23 02:00:00,Debit,175.61,Food,Uber,10012.36
532,1010,2023-01-23 03:00:00,Credit,1526.69,Transfer,Amazon,12418.17
533,1019,2023-01-23 04:00:00,Debit,3269.28,Entertainment,Netflix,15390.13
534,1058,2023-01-23 05:00:00,Credit,4692.14,Bills,Walmart,27801.18
535,1096,2023-01-23 06:00:00,Debit,4357.31,Shopping,Bank Transfer,29440.78
536,1001,2023-01-23 07:00:00,Debit,3832.66,Transport,Netflix,21382.34
537,1069,2023-01-23 08:00:00,Debit,3944.35,Entertainment,Netflix,30809.5
538,1004,2023-01-23 09:00:00,Credit,3328.27,Bills,Netflix,4170.59
539,1016,2023-01-23 10:00:00,Debit,1308.83,Transfer,Amazon,4480.63
540,1024,2023-01-23 11:00:00,Debit,4536.9,Bills,Amazon,8674.29
541,1080,2023-01-23 12:00:00,Debit,3356.95,Bills,Walmart,25952.07
542,1002,2023-01-23 13:00:00,Debit,2806.6,Transfer,Electricity Board,10778.33
543,1092,2023-01-23 14:00:00,Debit,563.84,Food,Electricity Board,14235.89
544,1032,2023-01-23 15:00:00,Credit,2240.81,Food,Electricity Board,20075.61
545,1091,2023-01-23 16:00:00,Credit,2307.19,Shopping,Bank Transfer,40612.12
546,1084,2023-01-23 17:00:00,Credit,4324.17,Shopping,Bank Transfer,791.72
547,1024,2023-01-23 18:00:00,Credit,2737.77,Food,Walmart,32504.0
548,1012,2023-01-23 19:00:00,Debit,1908.2,Entertainment,Bank Transfer,33476.94
549,1050,2023-01-23 20:00:00,Credit,4884.23,Transport,Electricity Board,39952.92
550,1035,2023-01-23 21:00:00,Debit,562.5,Bills,Electricity Board,46644.37
551,1033,2023-01-23 22:00:00,Debit,2118.52,Transport,Netflix,1104.88
552,1033,2023-01-23 23:00:00,Debit,219.7,Bills,Bank Transfer,7773.81
553,1061,2023-01-24 00:00:00,Debit,3702.12,Food,Amazon,44319.95
554,1051,2023-01-24 01:00:00,Credit,4591.2,Shopping,Amazon,22980.08
555,1043,2023-01-24 02:00:00,Debit,1407.39,Entertainment,Netflix,28273.07
556,1012,2023-01-24 03:00:00,Debit,4293.12,Shopping,Netflix,33185.06
557,1067,2023-01-24 04:00:00,Debit,1468.17,Transport,Netflix,33985.42
558,1065,2023-01-24 05:00:00,Credit,4554.74,Shopping,Amazon,46593.85
559,1033,2023-01-24 06:00:00,Debit,3772.27,Food,Electricity Board,49847.78
560,1040,2023-01-24 07:00:00,Debit,4026.48,Entertainment,Netflix,36035.86
561,1074,2023-01-24 08:00:00,Debit,99.85,Transport,Walmart,14432.34
562,1043,2023-01-24 09:00:00,Credit,4814.42,Entertainment,Netflix,43999.64
563,1044,2023-01-24 10:00:00,Debit,3636.09,Bills,Uber,2556.12
564,1029,2023-01-24 11:00:00,Debit,1530.71,Shopping,Netflix,11630.93
565,1013,2023-01-24 12:00:00,Debit,4148.68,Entertainment,Amazon,44879.55
566,1012,2023-01-24 13:00:00,Debit,1414.79,Transfer,Bank Transfer,12883.96
567,1095,2023-01-24 14:00:00,Debit,4365.04,Shopping,Netflix,11110.49
568,1046,2023-01-24 15:00:00,Debit,571.78,Bills,Bank Transfer,6992.45
569,1002,2023-01-24 16:00:00,Credit,3521.39,Entertainment,Uber,42969.68
570,1035,2023-01-24 17:00:00,Debit,2708.09,Transport,Walmart,25052.91
571,1087,2023-01-24 18:00:00,Debit,491.71,Bills,Bank Transfer,33777.17
572,1081,2023-01-24 19:00:00,Credit,1217.05,Transfer,Electricity Board,12029.41
573,1090,2023-01-24 20:00:00,Debit,71.9,Entertainment,Netflix,37926.22
574,1008,2023-01-24 21:00:00,Debit,2349.15,Food,Uber,38024.28
575,1093,2023-01-24 22:00:00,Debit,1513.31,Shopping,Uber,15698.64
576,1026,2023-01-24 23:00:00,Debit,2995.8,Transport,Bank Transfer,20593.06
577,1074,2023-01-25 00:00:00,Credit,1493.22,Food,Walmart,10563.54
578,1090,2023-01-25 01:00:00,Debit,1506.6,Entertainment,Amazon,48830.4
579,1034,2023-01-25 02:00:00,Credit,3718.53,Entertainment,Netflix,32315.57
580,1007,2023-01-25 03:00:00,Debit,250.23,Bills,Uber,46733.74
581,1068,2023-01-25 04:00:00,Debit,4515.45,Entertainment,Walmart,15238.94
582,1058,2023-01-25 05:00:00,Debit,4262.8,Transport,Electricity Board,39116.36
583,1075,2023-01-25 06:00:00,Debit,3342.35,Food,Uber,38316.35
584,1029,2023-01-25 07:00:00,Debit,2970.18,Transport,Walmart,34613.62
585,1036,2023-01-25 08:00:00,Credit,4462.59,Transfer,Amazon,48285.38
586,1089,2023-01-25 09:00:00,Debit,934.8,Transfer,Amazon,19738.41
587,1021,2023-01-25 10:00:00,Credit,404.06,Shopping,Uber,6622.79
588,1036,2023-01-25 11:00:00,Debit,1205.16,Shopping,Uber,33618.27
589,1010,2023-01-25 12:00:00,Credit,3974.95,Transfer,Bank Transfer,36492.56
590,1073,2023-01-25 13:00:00,Credit,183.0,Entertainment,Netflix,28795.52
591,1024,2023-01-25 14:00:00,Credit,2918.21,Transport,Walmart,10420.21
592,1064,2023-01-25 15:00:00,Credit,4977.23,Transfer,Uber,25272.35
593,1099,2023-01-25 16:00:00,Credit,4279.92,Shopping,Netflix,15678.27
594,1049,2023-01-25 17:00:00,Debit,2612.01,Transfer,Bank Transfer,21430.58
595,1099,2023-01-25 18:00:00,Debit,327.57,Entertainment,Netflix,32296.41
596,1036,2023-01-25 19:00:00,Debit,4158.55,Transfer,Uber,37286.22
597,1082,2023-01-25 20:00:00,Credit,2998.9,Transport,Amazon,11688.01
598,1096,2023-01-25 21:00:00,Debit,583.52,Food,Walmart,20325.74
599,1024,2023-01-25 22:00:00,Credit,478.35,Entertainment,Walmart,13531.16
600,1023,2023-01-25 23:00:00,Debit,4549.04,Shopping,Amazon,10011.72
601,1062,2023-01-26 00:00:00,Debit,3349.31,Transport,Uber,39191.02
602,1096,2023-01-26 01:00:00,Debit,4148.14,Transfer,Walmart,45471.71
603,1037,2023-01-26 02:00:00,Debit,4396.1,Transfer,Uber,18574.59
604,1012,2023-01-26 03:00:00,Debit,2863.14,Food,Bank Transfer,37588.82
605,1055,2023-01-26 04:00:00,Debit,2592.06,Shopping,Uber,44860.06
606,1013,2023-01-26 05:00:00,Debit,2157.83,Shopping,Netflix,42321.6
607,1023,2023-01-26 06:00:00,Debit,1591.56,Bills,Amazon,9222.39
608,1089,2023-01-26 07:00:00,Debit,2178.63,Shopping,Uber,47818.96
609,1099,2023-01-26 08:00:00,Debit,3871.66,Food,Bank Transfer,18896.15
610,1030,2023-01-26 09:00:00,Credit,3013.6,Bills,Electricity Board,17028.11
611,1017,2023-01-26 10:00:00,Debit,4463.69,Bills,Amazon,3215.32
612,1062,2023-01-26 11:00:00,Debit,2222.47,Transfer,Walmart,24360.07
613,1084,2023-01-26 12:00:00,Debit,3039.38,Transfer,Netflix,5539.78
614,1089,2023-01-26 13:00:00,Debit,3160.22,Shopping,Walmart,12502.14
615,1086,2023-01-26 14:00:00,Debit,2962.57,Bills,Bank Transfer,15915.44
616,1013,2023-01-26 15:00:00,Debit,3516.14,Transfer,Bank Transfer,40460.43
617,1059,2023-01-26 16:00:00,Debit,1194.79,Food,Walmart,43786.88
618,1019,2023-01-26 17:00:00,Debit,2566.7,Transfer,Amazon,15193.07
619,1049,2023-01-26 18:00:00,Debit,530.08,Entertainment,Walmart,42949.04
620,1100,2023-01-26 19:00:00,Credit,1928.71,Entertainment,Uber,42875.82
621,1012,2023-01-26 20:00:00,Credit,2443.46,Transfer,Walmart,38256.08
622,1061,2023-01-26 21:00:00,Debit,3264.6,Bills,Netflix,7420.09
623,1019,2023-01-26 22:00:00,Debit,4753.15,Bills,Netflix,34547.11
624,1076,2023-01-26 23:00:00,Debit,3007.25,Transport,Electricity Board,47256.7
625,1009,2023-01-27 00:00:00,Debit,3720.53,Entertainment,Netflix,34158.77
626,1071,2023-01-27 01:00:00,Credit,2536.27,Food,Walmart,16647.68
627,1028,2023-01-27 02:00:00,Debit,3174.18,Bills,Netflix,25078.91
628,1078,2023-01-27 03:00:00,Debit,363.95,Shopping,Amazon,32321.68
629,1095,2023-01-27 04:00:00,Debit,1279.41,Entertainment,Netflix,25577.46
630,1052,2023-01-27 05:00:00,Credit,1815.65,Food,Uber,6085.65
631,1083,2023-01-27 06:00:00,Debit,2367.74,Food,Amazon,15672.0
632,1016,2023-01-27 07:00:00,Debit,237.79,Bills,Electricity Board,40139.56
633,1069,2023-01-27 08:00:00,Debit,708.72,Food,Uber,43084.76
634,1099,2023-01-27 09:00:00,Debit,1391.3,Bills,Walmart,6951.27
635,1012,2023-01-27 10:00:00,Debit,4857.95,Transfer,Walmart,47624.1
636,1025,2023-01-27 11:00:00,Debit,1663.42,Entertainment,Walmart,16508.25
637,1052,2023-01-27 12:00:00,Debit,2415.38,Transport,Uber,33149.46
638,1085,2023-01-27 13:00:00,Debit,988.53,Transfer,Uber,37616.07
639,1100,2023-01-27 14:00:00,Debit,3057.79,Entertainment,Uber,40616.12
640,1053,2023-01-27 15:00:00,Debit,1410.61,Bills,Amazon,47292.91
641,1023,2023-01-27 16:00:00,Debit,1042.89,Entertainment,Bank Transfer,15714.69
642,1016,2023-01-27 17:00:00,Debit,2587.7,Bills,Amazon,42939.47
643,1057,2023-01-27 18:00:00,Credit,37.47,Transfer,Walmart,6671.18
644,1039,2023-01-27 19:00:00,Debit,48.24,Shopping,Bank Transfer,35281.54
645,1053,2023-01-27 20:00:00,Debit,1103.15,Shopping,Netflix,37124.69
646,1042,2023-01-27 21:00:00,Debit,193.24,Entertainment,Walmart,33918.39
647,1058,2023-01-27 22:00:00,Debit,549.05,Shopping,Electricity Board,12690.51
648,1039,2023-01-27 23:00:00,Credit,1700.91,Bills,Amazon,43664.85
649,1014,2023-01-28 00:00:00,Debit,4014.9,Food,Uber,8526.04
650,1095,2023-01-28 01:00:00,Credit,2864.52,Bills,Amazon,2776.38
651,1005,2023-01-28 02:00:00,Debit,2568.21,Food,Uber,35901.5
652,1035,2023-01-28 03:00:00,Debit,1474.51,Transfer,Bank Transfer,23826.24
653,1087,2023-01-28 04:00:00,Credit,4659.45,Transport,Electricity Board,42469.99
654,1093,2023-01-28 05:00:00,Credit,1991.11,Food,Bank Transfer,19231.52
655,1075,2023-01-28 06:00:00,Credit,444.59,Shopping,Electricity Board,8497.1
656,1018,2023-01-28 07:00:00,Credit,3089.16,Bills,Amazon,41838.47
657,1076,2023-01-28 08:00:00,Debit,578.05,Transfer,Uber,27490.59
658,1009,2023-01-28 09:00:00,Credit,1732.66,Shopping,Bank Transfer,9540.87
659,1074,2023-01-28 10:00:00,Debit,2541.99,Transfer,Electricity Board,36047.16
660,1058,2023-01-28 11:00:00,Credit,4372.37,Transport,Walmart,25604.57
661,1017,2023-01-28 12:00:00,Debit,2472.8,Bills,Walmart,30255.22
662,1007,2023-01-28 13:00:00,Credit,3514.27,Entertainment,Bank Transfer,23098.83
663,1046,2023-01-28 14:00:00,Debit,4964.16,Bills,Uber,41452.58
664,1013,2023-01-28 15:00:00,Debit,666.13,Transport,Bank Transfer,41495.18
665,1040,2023-01-28 16:00:00,Debit,1380.91,Bills,Amazon,35498.5
666,1042,2023-01-28 17:00:00,Credit,1978.93,Entertainment,Electricity Board,5359.53
667,1009,2023-01-28 18:00:00,Debit,2114.92,Food,Amazon,41958.81
668,1050,2023-01-28 19:00:00,Debit,2061.0,Transfer,Walmart,33583.55
669,1027,2023-01-28 20:00:00,Debit,4538.98,Entertainment,Electricity Board,34881.51
670,1066,2023-01-28 21:00:00,Debit,3573.02,Shopping,Bank Transfer,18212.84
671,1005,2023-01-28 22:00:00,Credit,3043.45,Transport,Amazon,43976.05
672,1029,2023-01-28 23:00:00,Debit,1553.77,Food,Netflix,36296.04
673,1037,2023-01-29 00:00:00,Credit,4120.71,Shopping,Uber,5718.26
674,1038,2023-01-29 01:00:00,Debit,4775.75,Shopping,Uber,20448.12
675,1083,2023-01-29 02:00:00,Debit,4107.78,Transport,Netflix,44330.38
676,1008,2023-01-29 03:00:00,Credit,17.81,Food,Walmart,2455.12
677,1065,2023-01-29 04:00:00,Debit,3185.64,Shopping,Electricity Board,48074.69
678,1086,2023-01-29 05:00:00,Debit,265.17,Shopping,Uber,33990.21
679,1017,2023-01-29 06:00:00,Debit,1295.46,Food,Netflix,31605.66
680,1071,2023-01-29 07:00:00,Credit,307.03,Bills,Bank Transfer,13600.91
681,1089,2023-01-29 08:00:00,Debit,3022.94,Shopping,Netflix,12514.71
682,1045,2023-01-29 09:00:00,Credit,3436.08,Transfer,Walmart,47108.71
683,1004,2023-01-29 10:00:00,Credit,581.29,Food,Walmart,14983.8
684,1036,2023-01-29 11:00:00,Debit,1925.36,Shopping,Amazon,38797.71
685,1070,2023-01-29 12:00:00,Debit,2286.62,Transport,Uber,19716.78
686,1031,2023-01-29 13:00:00,Debit,1851.57,Entertainment,Amazon,7048.78
687,1019,2023-01-29 14:00:00,Debit,613.91,Transfer,Netflix,634.69
688,1061,2023-01-29 15:00:00,Debit,2100.55,Entertainment,Electricity Board,27258.44
689,1054,2023-01-29 16:00:00,Debit,3758.38,Entertainment,Electricity Board,48791.36
690,1039,2023-01-29 17:00:00,Debit,364.33,Shopping,Walmart,18519.9
691,1091,2023-01-29 18:00:00,Credit,410.1,Transfer,Electricity Board,17923.9
692,1074,2023-01-29 19:00:00,Credit,1780.31,Transfer,Electricity Board,17270.17
693,1090,2023-01-29 20:00:00,Credit,4709.21,Bills,Electricity Board,26075.14
694,1019,2023-01-29 21:00:00,Debit,3346.18,Entertainment,Netflix,22089.18
695,1039,2023-01-29 22:00:00,Debit,3396.56,Transfer,Electricity Board,44007.74
696,1067,2023-01-29 23:00:00,Debit,1815.98,Bills,Bank Transfer,25325.49
697,1045,2023-01-30 00:00:00,Credit,2972.37,Food,Electricity Board,25437.12
698,1013,2023-01-30 01:00:00,Debit,60.55,Bills,Electricity Board,7004.74
699,1092,2023-01-30 02:00:00,Credit,3184.12,Transport,Amazon,49138.7
700,1058,2023-01-30 03:00:00,Debit,4567.3,Shopping,Netflix,12573.65
701,1020,2023-01-30 04:00:00,Debit,3066.74,Food,Walmart,3760.87
702,1092,2023-01-30 05:00:00,Credit,4369.76,Food,Amazon,33191.0
703,1072,2023-01-30 06:00:00,Debit,3622.63,Transport,Uber,29808.78
704,1061,2023-01-30 07:00:00,Credit,611.59,Bills,Netflix,20815.77
705,1039,2023-01-30 08:00:00,Credit,4513.24,Shopping,Bank Transfer,21167.39
706,1001,2023-01-30 09:00:00,Debit,341.55,Bills,Netflix,39274.69
707,1003,2023-01-30 10:00:00,Debit,2674.5,Transfer,Uber,9866.06
708,1077,2023-01-30 11:00:00,Debit,719.26,Bills,Uber,41030.64
709,1092,2023-01-30 12:00:00,Credit,68.42,Food,Uber,32472.48
710,1062,2023-01-30 13:00:00,Debit,2115.95,Shopping,Walmart,21006.59
711,1063,2023-01-30 14:00:00,Debit,1482.25,Bills,Electricity Board,22955.63
712,1025,2023-01-30 15:00:00,Debit,2435.14,Shopping,Netflix,12906.7
713,1056,2023-01-30 16:00:00,Credit,2890.23,Shopping,Electricity Board,37630.51
714,1033,2023-01-30 17:00:00,Debit,228.26,Transfer,Electricity Board,25692.45
715,1038,2023-01-30 18:00:00,Credit,623.79,Transfer,Bank Transfer,16110.64
716,1006,2023-01-30 19:00:00,Credit,2797.63,Food,Uber,29842.9
717,1058,2023-01-30 20:00:00,Debit,1722.41,Transport,Walmart,49787.15
718,1044,2023-01-30 21:00:00,Debit,3648.58,Shopping,Bank Transfer,21819.59
719,1045,2023-01-30 22:00:00,Credit,3264.94,Transport,Amazon,46042.5
720,1032,2023-01-30 23:00:00,Debit,4229.57,Food,Walmart,17316.34
721,1045,2023-01-31 00:00:00,Credit,3465.54,Shopping,Electricity Board,2831.16
722,1061,2023-01-31 01:00:00,Debit,2155.36,Shopping,Walmart,10291.68
723,1047,2023-01-31 02:00:00,Debit,3368.1,Entertainment,Uber,20992.89
724,1021,2023-01-31 03:00:00,Credit,1384.15,Transport,Amazon,11059.78
725,1080,2023-01-31 04:00:00,Debit,1538.5,Bills,Uber,111.33
726,1085,2023-01-31 05:00:00,Debit,3947.04,Transfer,Amazon,45758.58
727,1075,2023-01-31 06:00:00,Debit,2237.63,Bills,Bank Transfer,42209.58
728,1036,2023-01-31 07:00:00,Debit,3993.92,Transport,Electricity Board,37140.38
729,1099,2023-01-31 08:00:00,Debit,4113.89,Transfer,Amazon,8473.95
730,1019,2023-01-31 09:00:00,Debit,4289.24,Bills,Amazon,6106.14
731,1020,2023-01-31 10:00:00,Credit,4584.01,Entertainment,Amazon,3473.48
732,1057,2023-01-31 11:00:00,Debit,2160.62,Transfer,Walmart,36229.06
733,1018,2023-01-31 12:00:00,Debit,1601.15,Shopping,Bank Transfer,46447.52
734,1047,2023-01-31 13:00:00,Debit,2915.17,Bills,Walmart,21583.74
735,1049,2023-01-31 14:00:00,Credit,1862.15,Transfer,Electricity Board,6045.12
736,1014,2023-01-31 15:00:00,Debit,3009.36,Entertainment,Amazon,25668.4
737,1015,2023-01-31 16:00:00,Credit,3530.87,Transfer,Bank Transfer,17506.71
738,1031,2023-01-31 17:00:00,Debit,3445.14,Transfer,Bank Transfer,18803.76
739,1001,2023-01-31 18:00:00,Debit,1879.02,Entertainment,Netflix,31104.4
740,1054,2023-01-31 19:00:00,Debit,842.63,Bills,Electricity Board,35964.03
741,1003,2023-01-31 20:00:00,Debit,2158.34,Food,Bank Transfer,5619.12
742,1016,2023-01-31 21:00:00,Debit,721.54,Bills,Amazon,1875.95
743,1087,2023-01-31 22:00:00,Debit,4451.58,Transport,Amazon,49717.08
744,1057,2023-01-31 23:00:00,Credit,1735.93,Entertainment,Bank Transfer,11713.14
745,1075,2023-02-01 00:00:00,Debit,780.75,Bills,Walmart,2786.14
746,1012,2023-02-01 01:00:00,Debit,136.98,Transfer,Electricity Board,9574.78
747,1074,2023-02-01 02:00:00,Debit,3232.65,Entertainment,Amazon,2044.0
748,1096,2023-02-01 03:00:00,Credit,3188.14,Shopping,Bank Transfer,19651.36
749,1016,2023-02-01 04:00:00,Debit,1709.61,Bills,Amazon,40139.85
750,1072,2023-02-01 05:00:00,Debit,367.84,Entertainment,Bank Transfer,17128.1
751,1076,2023-02-01 06:00:00,Debit,2054.05,Bills,Electricity Board,22264.75
752,1024,2023-02-01 07:00:00,Credit,1562.98,Entertainment,Bank Transfer,33811.78
753,1028,2023-02-01 08:00:00,Debit,3388.83,Transfer,Netflix,25493.81
754,1008,2023-02-01 09:00:00,Debit,3032.84,Shopping,Bank Transfer,43086.14
755,1092,2023-02-01 10:00:00,Credit,1829.32,Shopping,Bank Transfer,43315.18
756,1036,2023-02-01 11:00:00,Credit,1097.28,Transport,Electricity Board,594.54
757,1090,2023-02-01 12:00:00,Debit,4940.3,Entertainment,Bank Transfer,38924.51
758,1008,2023-02-01 13:00:00,Credit,2275.47,Bills,Electricity Board,23090.61
759,1058,2023-02-01 14:00:00,Debit,3444.49,Shopping,Netflix,49443.14
760,1060,2023-02-01 15:00:00,Debit,711.36,Shopping,Electricity Board,24213.28
761,1050,2023-02-01 16:00:00,Debit,2433.09,Food,Amazon,49346.11
762,1028,2023-02-01 17:00:00,Debit,147.41,Food,Electricity Board,37753.01
763,1092,2023-02-01 18:00:00,Debit,2532.22,Shopping,Netflix,12505.38
764,1041,2023-02-01 19:00:00,Credit,4820.45,Entertainment,Uber,26965.91
765,1100,2023-02-01 20:00:00,Debit,1927.19,Transport,Bank Transfer,49607.57
766,1064,2023-02-01 21:00:00,Debit,204.59,Shopping,Electricity Board,42890.78
767,1027,2023-02-01 22:00:00,Debit,164.47,Transfer,Bank Transfer,4958.61
768,1063,2023-02-01 23:00:00,Credit,1946.05,Bills,Walmart,35347.96
769,1017,2023-02-02 00:00:00,Debit,808.52,Transport,Amazon,17344.42
770,1073,2023-02-02 01:00:00,Debit,126.53,Transfer,Amazon,448.41
771,1033,2023-02-02 02:00:00,Debit,3783.51,Transport,Walmart,20233.7
772,1084,2023-02-02 03:00:00,Debit,2298.03,Transfer,Walmart,11814.25
773,1077,2023-02-02 04:00:00,Credit,1453.33,Bills,Electricity Board,40961.58
774,1092,2023-02-02 05:00:00,Credit,4501.42,Bills,Walmart,16932.8
775,1029,2023-02-02 06:00:00,Debit,589.53,Food,Uber,41393.43
776,1013,2023-02-02 07:00:00,Credit,4780.03,Entertainment,Bank Transfer,129.84
777,1046,2023-02-02 08:00:00,Debit,1576.69,Transfer,Bank Transfer,15460.18
778,1035,2023-02-02 09:00:00,Credit,4443.13,Food,Netflix,12134.14
779,1006,2023-02-02 10:00:00,Debit,3018.68,Transfer,Walmart,11755.01
780,1082,2023-02-02 11:00:00,Debit,4135.27,Food,Walmart,3502.51
781,1069,2023-02-02 12:00:00,Debit,4920.23,Bills,Uber,9437.5
782,1047,2023-02-02 13:00:00,Debit,1449.14,Transport,Amazon,27821.92
783,1025,2023-02-02 14:00:00,Debit,4806.07,Food,Amazon,14638.92
784,1066,2023-02-02 15:00:00,Debit,1953.51,Transfer,Bank Transfer,20928.0
785,1010,2023-02-02 16:00:00,Debit,1933.7,Transfer,Bank Transfer,18905.66
786,1056,2023-02-02 17:00:00,Credit,1708.53,Entertainment,Electricity Board,43807.66
787,1030,2023-02-02 18:00:00,Debit,2711.62,Bills,Uber,45274.42
788,1005,2023-02-02 19:00:00,Debit,779.18,Transfer,Netflix,24698.55
789,1033,2023-02-02 20:00:00,Credit,2773.02,Shopping,Netflix,16574.78
790,1065,2023-02-02 21:00:00,Debit,2713.11,Transport,Uber,5429.36
791,1018,2023-02-02 22:00:00,Debit,3811.89,Food,Netflix,47674.8
792,1096,2023-02-02 23:00:00,Debit,4169.91,Entertainment,Amazon,3105.32
793,1049,2023-02-03 00:00:00,Credit,2207.8,Transport,Netflix,14952.75
794,1011,2023-02-03 01:00:00,Debit,1518.64,Bills,Netflix,14973.5
795,1085,2023-02-03 02:00:00,Debit,1304.08,Entertainment,Uber,16088.02
796,1026,2023-02-03 03:00:00,Credit,981.17,Food,Uber,8297.91
797,1063,2023-02-03 04:00:00,Credit,297.66,Food,Netflix,39179.76
798,1089,2023-02-03 05:00:00,Debit,1718.82,Shopping,Walmart,6212.64
799,1086,2023-02-03 06:00:00,Debit,1358.54,Bills,Uber,31781.84
800,1059,2023-02-03 07:00:00,Debit,4832.42,Entertainment,Electricity Board,6279.92
801,1027,2023-02-03 08:00:00,Credit,2792.97,Entertainment,Electricity Board,3619.73
802,1049,2023-02-03 09:00:00,Debit,1742.91,Transfer,Amazon,45480.53
803,1077,2023-02-03 10:00:00,Debit,2906.53,Shopping,Netflix,9587.43
804,1033,2023-02-03 11:00:00,Credit,704.59,Shopping,Walmart,41080.38
805,1098,2023-02-03 12:00:00,Debit,2225.78,Entertainment,Amazon,27277.08
806,1099,2023-02-03 13:00:00,Debit,3134.91,Entertainment,Netflix,3985.04
807,1001,2023-02-03 14:00:00,Debit,2449.6,Transport,Uber,47776.86
808,1021,2023-02-03 15:00:00,Debit,2014.88,Transport,Electricity Board,12423.36
809,1055,2023-02-03 16:00:00,Debit,4969.3,Transport,Bank Transfer,42996.3
810,1006,2023-02-03 17:00:00,Debit,4402.77,Shopping,Walmart,8523.62
811,1092,2023-02-03 18:00:00,Debit,3120.8,Transfer,Bank Transfer,42711.75
812,1081,2023-02-03 19:00:00,Debit,2851.19,Food,Electricity Board,760.12
813,1069,2023-02-03 20:00:00,Credit,3107.1,Transport,Bank Transfer,25637.84
814,1095,2023-02-03 21:00:00,Debit,1014.55,Transfer,Uber,38495.18
815,1005,2023-02-03 22:00:00,Credit,1981.74,Bills,Netflix,46746.3
816,1003,2023-02-03 23:00:00,Debit,206.9,Transport,Uber,45469.19
817,1053,2023-02-04 00:00:00,Credit,2382.97,Food,Bank Transfer,40999.28
818,1023,2023-02-04 01:00:00,Credit,2719.69,Bills,Uber,44420.75
819,1053,2023-02-04 02:00:00,Debit,1146.47,Bills,Electricity Board,10041.06
820,1037,2023-02-04 03:00:00,Credit,4820.5,Food,Walmart,14280.8
821,1074,2023-02-04 04:00:00,Credit,4548.18,Transport,Uber,14519.53
822,1074,2023-02-04 05:00:00,Debit,3613.49,Shopping,Electricity Board,18914.99
823,1083,2023-02-04 06:00:00,Debit,2671.6,Food,Walmart,19726.7
824,1017,2023-02-04 07:00:00,Debit,4351.15,Food,Netflix,27273.31
825,1085,2023-02-04 08:00:00,Credit,661.96,Food,Bank Transfer,8078.0
826,1078,2023-02-04 09:00:00,Credit,3954.64,Bills,Netflix,34593.21
827,1073,2023-02-04 10:00:00,Credit,632.86,Transfer,Amazon,8461.57
828,1001,2023-02-04 11:00:00,Debit,3973.11,Shopping,Electricity Board,15584.39
829,1051,2023-02-04 12:00:00,Credit,1386.08,Transport,Walmart,25216.92
830,1045,2023-02-04 13:00:00,Debit,4386.68,Transport,Uber,39842.38
831,1077,2023-02-04 14:00:00,Debit,4720.77,Transfer,Netflix,36999.51
832,1004,2023-02-04 15:00:00,Debit,752.49,Food,Walmart,32312.16
833,1062,2023-02-04 16:00:00,Debit,2318.75,Shopping,Electricity Board,7873.09
834,1065,2023-02-04 17:00:00,Debit,4905.13,Transport,Amazon,27397.56
835,1032,2023-02-04 18:00:00,Debit,2422.2,Entertainment,Netflix,4463.58
836,1034,2023-02-04 19:00:00,Debit,4319.1,Transport,Bank Transfer,18930.42
837,1092,2023-02-04 20:00:00,Debit,2947.77,Food,Walmart,20734.47
838,1095,2023-02-04 21:00:00,Debit,1882.9,Entertainment,Bank Transfer,2086.59
839,1072,2023-02-04 22:00:00,Debit,1436.06,Transfer,Walmart,13772.01
840,1039,2023-02-04 23:00:00,Debit,1024.08,Shopping,Walmart,47786.91
841,1026,2023-02-05 00:00:00,Debit,3811.37,Transfer,Electricity Board,47686.27
842,1034,2023-02-05 01:00:00,Debit,1938.84,Transfer,Electricity Board,17681.12
843,1054,2023-02-05 02:00:00,Debit,2561.26,Shopping,Electricity Board,2250.7
844,1003,2023-02-05 03:00:00,Debit,2466.7,Shopping,Uber,9036.84
845,1050,2023-02-05 04:00:00,Debit,2890.62,Transport,Walmart,19671.67
846,1012,2023-02-05 05:00:00,Debit,4329.23,Transport,Netflix,47394.21
847,1065,2023-02-05 06:00:00,Debit,4903.89,Shopping,Bank Transfer,7145.83
848,1054,2023-02-05 07:00:00,Credit,2043.85,Entertainment,Electricity Board,38199.44
849,1005,2023-02-05 08:00:00,Debit,4139.32,Bills,Electricity Board,5523.26
850,1094,2023-02-05 09:00:00,Debit,3824.99,Transport,Bank Transfer,49064.75
851,1094,2023-02-05 10:00:00,Debit,2871.91,Bills,Bank Transfer,19142.66
852,1057,2023-02-05 11:00:00,Debit,4780.68,Entertainment,Walmart,38784.2
853,1017,2023-02-05 12:00:00,Debit,1010.37,Shopping,Electricity Board,17195.3
854,1047,2023-02-05 13:00:00,Debit,555.23,Entertainment,Bank Transfer,31420.68
855,1023,2023-02-05 14:00:00,Debit,4271.27,Transport,Uber,9681.6
856,1079,2023-02-05 15:00:00,Debit,2201.36,Transfer,Uber,7386.45
857,1085,2023-02-05 16:00:00,Debit,4236.37,Shopping,Electricity Board,46909.4
858,1014,2023-02-05 17:00:00,Credit,4466.52,Food,Bank Transfer,45890.6
859,1066,2023-02-05 18:00:00,Credit,321.66,Bills,Walmart,44384.7
860,1075,2023-02-05 19:00:00,Credit,4418.49,Entertainment,Walmart,31309.13
861,1051,2023-02-05 20:00:00,Credit,2247.11,Shopping,Walmart,40432.58
862,1038,2023-02-05 21:00:00,Debit,2557.06,Entertainment,Amazon,3544.94
863,1064,2023-02-05 22:00:00,Debit,3136.7,Shopping,Electricity Board,16805.97
864,1098,2023-02-05 23:00:00,Debit,4632.65,Transport,Walmart,15753.79
865,1038,2023-02-06 00:00:00,Debit,105.39,Transport,Uber,31818.7
866,1050,2023-02-06 01:00:00,Credit,2389.45,Transport,Bank Transfer,17862.29
867,1098,2023-02-06 02:00:00,Debit,3441.73,Entertainment,Netflix,7510.49
868,1082,2023-02-06 03:00:00,Credit,3616.31,Food,Netflix,29863.71
869,1030,2023-02-06 04:00:00,Debit,3465.74,Transport,Walmart,40737.76
870,1079,2023-02-06 05:00:00,Credit,680.83,Shopping,Netflix,19167.96
871,1091,2023-02-06 06:00:00,Debit,1503.98,Transport,Netflix,6700.21
872,1051,2023-02-06 07:00:00,Debit,1799.99,Transfer,Amazon,9914.74
873,1063,2023-02-06 08:00:00,Debit,4024.14,Transport,Uber,11950.42
874,1098,2023-02-06 09:00:00,Debit,1401.01,Entertainment,Uber,15064.89
875,1052,2023-02-06 10:00:00,Debit,1061.42,Food,Amazon,32175.47
876,1038,2023-02-06 11:00:00,Debit,4787.67,Transfer,Amazon,30087.18
877,1097,2023-02-06 12:00:00,Credit,54.23,Entertainment,Netflix,34834.39
878,1088,2023-02-06 13:00:00,Debit,4989.13,Entertainment,Electricity Board,18188.85
879,1079,2023-02-06 14:00:00,Debit,3387.34,Entertainment,Bank Transfer,41217.48
880,1030,2023-02-06 15:00:00,Debit,4144.06,Shopping,Bank Transfer,10283.97
881,1051,2023-02-06 16:00:00,Credit,1480.15,Entertainment,Netflix,23505.13
882,1081,2023-02-06 17:00:00,Debit,81.43,Shopping,Bank Transfer,40066.84
883,1005,2023-02-06 18:00:00,Debit,3691.97,Entertainment,Amazon,9089.92
884,1029,2023-02-06 19:00:00,Debit,4172.38,Bills,Uber,5582.17
885,1004,2023-02-06 20:00:00,Debit,3704.98,Transfer,Bank Transfer,44195.83
886,1010,2023-02-06 21:00:00,Debit,722.82,Bills,Netflix,17212.19
887,1056,2023-02-06 22:00:00,Debit,3769.61,Entertainment,Electricity Board,34225.12
888,1017,2023-02-06 23:00:00,Debit,3846.92,Transfer,Netflix,1364.9
889,1074,2023-02-07 00:00:00,Credit,3296.12,Transfer,Walmart,34533.34
890,1017,2023-02-07 01:00:00,Debit,3832.92,Food,Netflix,15873.46
891,1084,2023-02-07 02:00:00,Debit,4231.15,Bills,Amazon,2881.47
892,1088,2023-02-07 03:00:00,Debit,3071.88,Food,Uber,30529.66
893,1069,2023-02-07 04:00:00,Credit,452.14,Transfer,Uber,12116.11
894,1034,2023-02-07 05:00:00,Debit,2443.26,Shopping,Bank Transfer,19401.68
895,1006,2023-02-07 06:00:00,Credit,397.47,Transfer,Amazon,4120.98
896,1053,2023-02-07 07:00:00,Debit,2043.64,Food,Walmart,7443.45
897,1066,2023-02-07 08:00:00,Debit,2041.46,Bills,Amazon,14969.06
898,1077,2023-02-07 09:00:00,Debit,339.39,Entertainment,Netflix,4579.0
899,1043,2023-02-07 10:00:00,Credit,1750.61,Entertainment,Amazon,45550.23
900,1075,2023-02-07 11:00:00,Debit,563.88,Bills,Amazon,401.75
901,1023,2023-02-07 12:00:00,Credit,4043.09,Entertainment,Walmart,24244.62
902,1055,2023-02-07 13:00:00,Credit,4738.96,Entertainment,Netflix,6250.05
903,1080,2023-02-07 14:00:00,Debit,370.86,Food,Electricity Board,15453.19
904,1095,2023-02-07 15:00:00,Debit,4776.02,Bills,Electricity Board,46310.37
905,1075,2023-02-07 16:00:00,Debit,2617.66,Transport,Uber,8168.56
906,1016,2023-02-07 17:00:00,Debit,1504.83,Shopping,Bank Transfer,48295.03
907,1008,2023-02-07 18:00:00,Credit,393.54,Shopping,Amazon,10369.14
908,1004,2023-02-07 19:00:00,Credit,2508.12,Entertainment,Uber,37104.15
909,1004,2023-02-07 20:00:00,Debit,3974.63,Shopping,Walmart,27379.2
910,1056,2023-02-07 21:00:00,Debit,3538.36,Bills,Electricity Board,44235.49
911,1025,2023-02-07 22:00:00,Credit,260.63,Bills,Amazon,27744.26
912,1067,2023-02-07 23:00:00,Debit,373.78,Transfer,Walmart,26774.51
913,1096,2023-02-08 00:00:00,Credit,2020.34,Transfer,Bank Transfer,9853.35
914,1067,2023-02-08 01:00:00,Debit,1483.5,Shopping,Walmart,8394.85
915,1027,2023-02-08 02:00:00,Debit,1169.6,Transport,Amazon,45832.81
916,1093,2023-02-08 03:00:00,Debit,1412.21,Transfer,Bank Transfer,16459.13
917,1032,2023-02-08 04:00:00,Debit,4019.38,Transfer,Walmart,18666.9
918,1050,2023-02-08 05:00:00,Debit,4646.85,Bills,Bank Transfer,38015.2
919,1061,2023-02-08 06:00:00,Debit,2031.46,Transport,Amazon,17007.29
920,1051,2023-02-08 07:00:00,Debit,4531.49,Entertainment,Amazon,47607.92
921,1019,2023-02-08 08:00:00,Credit,1614.26,Shopping,Bank Transfer,36922.6
922,1021,2023-02-08 09:00:00,Credit,2387.42,Transfer,Netflix,29911.72
923,1005,2023-02-08 10:00:00,Debit,1137.88,Transport,Uber,44056.67
924,1082,2023-02-08 11:00:00,Debit,3205.98,Transport,Walmart,2575.33
925,1092,2023-02-08 12:00:00,Debit,4895.12,Shopping,Walmart,12927.43
926,1042,2023-02-08 13:00:00,Debit,3021.43,Transport,Netflix,23305.31
927,1061,2023-02-08 14:00:00,Debit,1795.49,Transport,Netflix,11426.23
928,1022,2023-02-08 15:00:00,Debit,3242.61,Transport,Netflix,37220.87
929,1021,2023-02-08 16:00:00,Debit,623.37,Transfer,Electricity Board,45968.48
930,1070,2023-02-08 17:00:00,Debit,4444.41,Shopping,Electricity Board,21246.13
931,1001,2023-02-08 18:00:00,Debit,2520.39,Transport,Bank Transfer,17172.42
932,1005,2023-02-08 19:00:00,Debit,2252.26,Transport,Electricity Board,48081.38
933,1012,2023-02-08 20:00:00,Credit,2933.47,Transfer,Amazon,22298.14
934,1090,2023-02-08 21:00:00,Debit,3127.67,Shopping,Bank Transfer,24503.52
935,1046,2023-02-08 22:00:00,Debit,368.16,Bills,Walmart,17647.33
936,1034,2023-02-08 23:00:00,Debit,3416.26,Transfer,Uber,45486.47
937,1049,2023-02-09 00:00:00,Debit,1217.24,Shopping,Amazon,28490.88
938,1078,2023-02-09 01:00:00,Credit,3572.62,Transport,Walmart,38132.51
939,1090,2023-02-09 02:00:00,Debit,4114.45,Shopping,Walmart,40609.16
940,1045,2023-02-09 03:00:00,Credit,4021.75,Shopping,Bank Transfer,17158.27
941,1027,2023-02-09 04:00:00,Debit,2766.98,Entertainment,Netflix,21741.35
942,1073,2023-02-09 05:00:00,Debit,2605.65,Shopping,Netflix,42438.74
943,1026,2023-02-09 06:00:00,Credit,722.95,Bills,Amazon,18226.44
944,1047,2023-02-09 07:00:00,Debit,3878.98,Shopping,Netflix,39717.36
945,1086,2023-02-09 08:00:00,Debit,1364.33,Bills,Walmart,47055.52
946,1056,2023-02-09 09:00:00,Debit,2488.51,Transport,Netflix,31198.2
947,1094,2023-02-09 10:00:00,Debit,1428.53,Bills,Electricity Board,37107.2
948,1063,2023-02-09 11:00:00,Credit,677.8,Transport,Netflix,40274.36
949,1048,2023-02-09 12:00:00,Debit,3151.49,Transport,Walmart,42267.48
950,1061,2023-02-09 13:00:00,Debit,281.12,Bills,Bank Transfer,19813.16
951,1081,2023-02-09 14:00:00,Debit,3745.74,Transfer,Amazon,2658.05
952,1026,2023-02-09 15:00:00,Debit,1594.76,Food,Uber,20153.63
953,1036,2023-02-09 16:00:00,Debit,10.67,Shopping,Netflix,33720.44
954,1001,2023-02-09 17:00:00,Debit,2560.53,Entertainment,Walmart,22572.48
955,1008,2023-02-09 18:00:00,Debit,243.79,Food,Uber,37473.26
956,1099,2023-02-09 19:00:00,Credit,1388.09,Shopping,Uber,17913.42
957,1052,2023-02-09 20:00:00,Debit,3537.81,Shopping,Electricity Board,31773.73
958,1079,2023-02-09 21:00:00,Debit,322.82,Transport,Uber,9402.35
959,1047,2023-02-09 22:00:00,Credit,4198.3,Shopping,Bank Transfer,37493.53
960,1056,2023-02-09 23:00:00,Debit,29.06,Entertainment,Walmart,27330.23
961,1086,2023-02-10 00:00:00,Debit,1241.65,Shopping,Walmart,10282.81
962,1014,2023-02-10 01:00:00,Debit,3707.11,Bills,Netflix,14666.37
963,1090,2023-02-10 02:00:00,Debit,1588.19,Food,Netflix,37455.57
964,1028,2023-02-10 03:00:00,Debit,518.44,Bills,Netflix,24181.8
965,1087,2023-02-10 04:00:00,Credit,1807.57,Entertainment,Bank Transfer,10879.97
966,1078,2023-02-10 05:00:00,Debit,1359.26,Shopping,Uber,48366.83
967,1088,2023-02-10 06:00:00,Debit,4215.13,Entertainment,Uber,35784.74
968,1002,2023-02-10 07:00:00,Credit,1573.61,Transport,Electricity Board,47861.03
969,1026,2023-02-10 08:00:00,Debit,3946.77,Bills,Bank Transfer,21412.54
970,1014,2023-02-10 09:00:00,Debit,4460.44,Bills,Netflix,23807.51
971,1059,2023-02-10 10:00:00,Debit,2174.75,Transfer,Amazon,44907.97
972,1056,2023-02-10 11:00:00,Credit,4550.62,Shopping,Electricity Board,26299.96
973,1007,2023-02-10 12:00:00,Debit,1892.82,Transport,Amazon,35393.22
974,1003,2023-02-10 13:00:00,Debit,4820.75,Bills,Uber,12683.43
975,1023,2023-02-10 14:00:00,Debit,455.55,Bills,Electricity Board,22391.65
976,1018,2023-02-10 15:00:00,Debit,3438.23,Transport,Electricity Board,6260.15
977,1038,2023-02-10 16:00:00,Debit,2474.13,Entertainment,Walmart,10378.4
978,1099,2023-02-10 17:00:00,Debit,1944.37,Entertainment,Uber,147.08
979,1015,2023-02-10 18:00:00,Credit,3167.23,Shopping,Uber,2059.33
980,1064,2023-02-10 19:00:00,Debit,3522.25,Transfer,Bank Transfer,48866.46
981,1089,2023-02-10 20:00:00,Debit,31.77,Bills,Electricity Board,12193.45
982,1028,2023-02-10 21:00:00,Credit,843.1,Transfer,Uber,33199.2
983,1074,2023-02-10 22:00:00,Credit,3568.1,Entertainment,Electricity Board,41971.07
984,1039,2023-02-10 23:00:00,Debit,3335.26,Entertainment,Bank Transfer,27577.96
985,1057,2023-02-11 00:00:00,Debit,4830.58,Food,Bank Transfer,7741.91
986,1017,2023-02-11 01:00:00,Debit,3807.58,Shopping,Walmart,36433.01
987,1086,2023-02-11 02:00:00,Credit,4754.36,Food,Electricity Board,30052.55
988,1090,2023-02-11 03:00:00,Credit,3515.68,Food,Uber,36589.4
989,1044,2023-02-11 04:00:00,Debit,1497.28,Food,Uber,38510.36
990,1025,2023-02-11 05:00:00,Credit,535.77,Shopping,Electricity Board,48772.98
991,1017,2023-02-11 06:00:00,Debit,3911.3,Shopping,Electricity Board,28720.81
992,1013,2023-02-11 07:00:00,Debit,3224.3,Transport,Electricity Board,17147.89
993,1084,2023-02-11 08:00:00,Debit,250.45,Transfer,Netflix,32458.38
994,1025,2023-02-11 09:00:00,Credit,1806.65,Transfer,Uber,3515.19
995,1068,2023-02-11 10:00:00,Debit,4784.43,Transport,Bank Transfer,44880.13
996,1010,2023-02-11 11:00:00,Credit,2507.0,Transport,Uber,6057.11
997,1067,2023-02-11 12:00:00,Credit,2169.32,Entertainment,Netflix,16459.36
998,1018,2023-02-11 13:00:00,Credit,2293.92,Food,Electricity Board,40805.69
999,1100,2023-02-11 14:00:00,Debit,1052.32,Transport,Walmart,29905.89
1000,1086,2023-02-11 15:00:00,Debit,1849.85,Bills,Electricity Board,19742.41
