order_id,order_date,customer_id,product,category,quantity,unit_price,country,revenue,year,month,month_name
168268,2022-01-01,2095,Headphones,Electronics,2.0,954.91,UK,1909.82,2022,1,Jan
143567,2022-01-02,2110,Headphones,Electronics,1.0,393.19,USA,393.19,2022,1,Jan
142613,2022-01-03,2210,Headphones,Electronics,2.0,103.57,France,207.14,2022,1,Jan
145891,2022-01-04,2132,Bag,Unknown,2.0,1047.48,Nigeria,2094.96,2022,1,Jan
121243,2022-01-05,2028,Shoes,Electronics,1.0,887.05,Germany,887.05,2022,1,Jan
195939,2022-01-06,2193,Headphones,Electronics,2.0,518.03,Germany,1036.06,2022,1,Jan
197639,2022-01-07,2049,Phone,Electronics,2.0,1109.06,Unknown,2218.12,2022,1,Jan
141993,2022-01-08,2057,Laptop,Fashion,3.0,62.91,Germany,188.73,2022,1,Jan
186293,2022-01-09,2208,Phone,Unknown,1.0,1279.17,Nigeria,1279.17,2022,1,Jan
155026,2022-01-10,2041,Shoes,Fashion,2.0,290.03,France,580.06,2022,1,Jan
180471,2022-01-11,2240,Phone,Electronics,2.0,54.52,Germany,109.04,2022,1,Jan
180966,2022-01-12,2194,Bag,Electronics,2.0,1338.42,Germany,2676.84,2022,1,Jan
148600,2022-01-13,2273,Unknown,Electronics,3.0,928.8,USA,2786.3999999999996,2022,1,Jan
139512,2022-01-14,2020,Phone,Fashion,3.0,191.02,USA,573.0600000000001,2022,1,Jan
152620,2022-01-15,2166,Bag,Electronics,2.0,943.25,USA,1886.5,2022,1,Jan
180186,2022-01-16,2134,Bag,Fashion,1.0,1334.11,USA,1334.11,2022,1,Jan
117089,2022-01-17,2236,Headphones,Electronics,1.0,879.66,France,879.66,2022,1,Jan
132230,2022-01-18,2150,Bag,Fashion,1.0,1127.83,Germany,1127.83,2022,1,Jan
118983,2022-01-19,2079,Phone,Fashion,1.0,1344.0,UK,1344.0,2022,1,Jan
189688,2022-01-20,2074,Phone,Fashion,2.0,1374.58,France,2749.16,2022,1,Jan
182457,2022-01-21,2162,Headphones,Accessories,4.0,218.04,USA,872.16,2022,1,Jan
193005,2022-01-22,2168,Headphones,Electronics,1.0,1133.28,USA,1133.28,2022,1,Jan
106921,2022-01-23,2166,Shoes,Fashion,2.0,1288.05,UK,2576.1,2022,1,Jan
138804,2022-01-24,2149,Headphones,Electronics,4.0,1474.74,France,5898.96,2022,1,Jan
167699,2022-01-25,2290,Watch,Fashion,4.0,1296.65,USA,5186.6,2022,1,Jan
170608,2022-01-26,2160,Shoes,Electronics,2.0,1025.96,Nigeria,2051.92,2022,1,Jan
137619,2022-01-27,2099,Unknown,Fashion,2.0,415.54,France,831.08,2022,1,Jan
107877,2022-01-28,2297,Headphones,Electronics,2.0,470.62,Germany,941.24,2022,1,Jan
183966,2022-01-29,2249,Unknown,Electronics,1.0,1186.31,UK,1186.31,2022,1,Jan
101871,2022-01-30,2251,Bag,Electronics,2.0,624.48,Nigeria,1248.96,2022,1,Jan
173135,2022-01-31,2138,Bag,Fashion,2.0,1275.45,UK,2550.9,2022,1,Jan
102496,2022-02-01,2273,Shoes,Unknown,2.0,708.98,USA,1417.96,2022,2,Feb
147954,2022-02-02,2259,Watch,Fashion,4.0,1000.24,USA,4000.96,2022,2,Feb
124675,2022-02-03,2101,Laptop,Fashion,2.0,1433.63,Unknown,2867.26,2022,2,Feb
131921,2022-02-04,2094,Bag,Electronics,1.0,322.37,Germany,322.37,2022,2,Feb
199059,2022-02-05,2285,Bag,Fashion,2.0,436.3,USA,872.6,2022,2,Feb
100797,2022-02-06,2102,Watch,Accessories,2.0,677.61,USA,1355.22,2022,2,Feb
149811,2022-02-07,2123,Watch,Accessories,2.0,1180.17,UK,2360.34,2022,2,Feb
168755,2022-02-08,2158,Headphones,Electronics,1.0,1231.0,Germany,1231.0,2022,2,Feb
180782,2022-02-09,2203,Unknown,Fashion,2.0,1228.81,Nigeria,2457.62,2022,2,Feb
190535,2022-02-10,2135,Watch,Electronics,1.0,495.08,USA,495.08,2022,2,Feb
181857,2022-02-11,2179,Watch,Accessories,1.0,137.4,France,137.4,2022,2,Feb
152489,2022-02-12,2244,Laptop,Accessories,4.0,227.34,France,909.36,2022,2,Feb
184665,2022-02-13,2073,Unknown,Accessories,4.0,237.39,Nigeria,949.56,2022,2,Feb
141504,2022-02-14,2168,Phone,Electronics,1.0,1008.28,Nigeria,1008.28,2022,2,Feb
149866,2022-02-15,2243,Shoes,Fashion,4.0,839.65,Germany,3358.6,2022,2,Feb
184212,2022-02-16,2021,Headphones,Electronics,2.0,275.62,UK,551.24,2022,2,Feb
111723,2022-02-18,2143,Shoes,Electronics,1.0,765.09,France,765.09,2022,2,Feb
117591,2022-02-20,2273,Shoes,Fashion,1.0,875.94,UK,875.94,2022,2,Feb
158146,2022-02-21,2266,Shoes,Fashion,3.0,568.88,France,1706.6399999999999,2022,2,Feb
192288,2022-02-22,2145,Shoes,Electronics,1.0,1424.35,USA,1424.35,2022,2,Feb
159300,2022-02-23,2131,Phone,Electronics,1.0,756.36,USA,756.36,2022,2,Feb
189141,2022-02-24,2073,Bag,Electronics,2.0,1293.02,UK,2586.04,2022,2,Feb
171557,2022-02-25,2285,Unknown,Electronics,2.0,665.3,France,1330.6,2022,2,Feb
120006,2022-02-26,2195,Unknown,Electronics,1.0,27.37,Unknown,27.37,2022,2,Feb
103560,2022-02-27,2226,Phone,Electronics,1.0,905.19,France,905.19,2022,2,Feb
190868,2022-02-28,2132,Unknown,Electronics,1.0,1204.63,USA,1204.63,2022,2,Feb
161713,2022-03-01,2100,Watch,Fashion,1.0,429.35,UK,429.35,2022,3,Mar
196591,2022-03-02,2134,Unknown,Accessories,2.0,1060.99,USA,2121.98,2022,3,Mar
146522,2022-03-04,2081,Headphones,Electronics,2.0,534.28,Nigeria,1068.56,2022,3,Mar
186904,2022-03-05,2119,Shoes,Electronics,1.0,94.89,UK,94.89,2022,3,Mar
120737,2022-03-06,2245,Phone,Electronics,1.0,536.72,Germany,536.72,2022,3,Mar
161353,2022-03-08,2119,Headphones,Fashion,2.0,1194.7,Unknown,2389.4,2022,3,Mar
192217,2022-03-09,2283,Phone,Fashion,2.0,1264.24,USA,2528.48,2022,3,Mar
112134,2022-03-11,2078,Laptop,Electronics,3.0,1151.22,UK,3453.66,2022,3,Mar
160535,2022-03-12,2086,Phone,Fashion,1.0,1251.22,Germany,1251.22,2022,3,Mar
147883,2022-03-13,2095,Phone,Electronics,1.0,1230.35,Unknown,1230.35,2022,3,Mar
186107,2022-03-14,2008,Laptop,Electronics,2.0,335.37,USA,670.74,2022,3,Mar
163360,2022-03-15,2285,Shoes,Fashion,3.0,1062.35,France,3187.0499999999997,2022,3,Mar
151811,2022-03-16,2156,Watch,Electronics,3.0,1494.69,France,4484.07,2022,3,Mar
109781,2022-03-17,2186,Headphones,Electronics,1.0,221.93,USA,221.93,2022,3,Mar
119340,2022-03-18,2111,Phone,Fashion,2.0,1104.47,Unknown,2208.94,2022,3,Mar
127257,2022-03-19,2144,Watch,Electronics,3.0,1383.65,USA,4150.950000000001,2022,3,Mar
116298,2022-03-20,2059,Unknown,Accessories,1.0,979.35,France,979.35,2022,3,Mar
112372,2022-03-21,2247,Shoes,Fashion,2.0,516.3,Nigeria,1032.6,2022,3,Mar
104420,2022-03-22,2007,Bag,Fashion,2.0,1009.81,UK,2019.62,2022,3,Mar
162079,2022-03-24,2212,Phone,Fashion,1.0,1403.33,USA,1403.33,2022,3,Mar
179860,2022-03-25,2235,Headphones,Accessories,1.0,1300.1,USA,1300.1,2022,3,Mar
107012,2022-03-26,2075,Shoes,Fashion,1.0,836.99,France,836.99,2022,3,Mar
109396,2022-03-27,2221,Watch,Electronics,2.0,859.89,Unknown,1719.78,2022,3,Mar
103918,2022-03-28,2040,Watch,Fashion,1.0,1439.42,UK,1439.42,2022,3,Mar
109359,2022-03-29,2000,Laptop,Electronics,3.0,995.19,USA,2985.57,2022,3,Mar
144259,2022-03-30,2212,Phone,Unknown,2.0,35.23,USA,70.46,2022,3,Mar
123482,2022-03-31,2109,Headphones,Electronics,2.0,419.15,USA,838.3,2022,3,Mar
115127,2022-04-01,2092,Shoes,Electronics,1.0,588.81,USA,588.81,2022,4,Apr
137237,2022-04-02,2205,Shoes,Fashion,1.0,732.76,Nigeria,732.76,2022,4,Apr
179701,2022-04-03,2165,Laptop,Electronics,3.0,458.98,UK,1376.94,2022,4,Apr
108752,2022-04-04,2061,Bag,Accessories,2.0,325.57,UK,651.14,2022,4,Apr
180041,2022-04-05,2103,Watch,Electronics,1.0,1067.33,Nigeria,1067.33,2022,4,Apr
171331,2022-04-06,2068,Phone,Fashion,2.0,257.91,France,515.82,2022,4,Apr
150624,2022-04-07,2185,Shoes,Accessories,4.0,141.18,Germany,564.72,2022,4,Apr
189183,2022-04-08,2132,Unknown,Accessories,4.0,618.02,UK,2472.08,2022,4,Apr
140133,2022-04-09,2105,Shoes,Accessories,3.0,1216.74,France,3650.2200000000003,2022,4,Apr
155153,2022-04-11,2165,Bag,Fashion,1.0,358.41,USA,358.41,2022,4,Apr
162756,2022-04-12,2222,Shoes,Fashion,4.0,404.01,USA,1616.04,2022,4,Apr
181757,2022-04-14,2128,Shoes,Electronics,3.0,116.07,UK,348.21,2022,4,Apr
184355,2022-04-15,2049,Bag,Electronics,2.0,122.58,USA,245.16,2022,4,Apr
199938,2022-04-16,2185,Laptop,Unknown,1.0,140.54,Germany,140.54,2022,4,Apr
148682,2022-04-17,2265,Headphones,Unknown,3.0,489.04,Unknown,1467.1200000000001,2022,4,Apr
166509,2022-04-18,2050,Laptop,Unknown,1.0,1146.94,France,1146.94,2022,4,Apr
186384,2022-04-19,2225,Phone,Electronics,2.0,1336.58,USA,2673.16,2022,4,Apr
175751,2022-04-20,2176,Laptop,Electronics,2.0,1398.96,Germany,2797.92,2022,4,Apr
176693,2022-04-21,2012,Phone,Electronics,1.0,382.35,Nigeria,382.35,2022,4,Apr
124777,2022-04-22,2198,Headphones,Electronics,4.0,692.97,UK,2771.88,2022,4,Apr
113824,2022-04-23,2124,Bag,Electronics,2.0,144.79,UK,289.58,2022,4,Apr
102418,2022-04-24,2099,Bag,Electronics,1.0,836.57,USA,836.57,2022,4,Apr
112843,2022-04-25,2036,Shoes,Fashion,1.0,14.78,Nigeria,14.78,2022,4,Apr
178778,2022-04-26,2286,Unknown,Electronics,2.0,692.15,UK,1384.3,2022,4,Apr
136223,2022-04-27,2114,Headphones,Fashion,2.0,1470.71,USA,2941.42,2022,4,Apr
161570,2022-04-28,2147,Unknown,Electronics,1.0,214.93,USA,214.93,2022,4,Apr
106521,2022-04-29,2035,Phone,Unknown,2.0,320.08,UK,640.16,2022,4,Apr
188162,2022-04-30,2270,Headphones,Unknown,1.0,420.08,USA,420.08,2022,4,Apr
156894,2022-05-01,2029,Headphones,Accessories,1.0,1300.85,Nigeria,1300.85,2022,5,May
174659,2022-05-02,2060,Shoes,Fashion,2.0,1335.54,USA,2671.08,2022,5,May
196990,2022-05-03,2285,Unknown,Accessories,1.0,1418.19,UK,1418.19,2022,5,May
114254,2022-05-04,2155,Bag,Unknown,2.0,376.37,USA,752.74,2022,5,May
151939,2022-05-05,2131,Watch,Fashion,1.0,682.97,USA,682.97,2022,5,May
189236,2022-05-06,2033,Bag,Electronics,2.0,576.1,USA,1152.2,2022,5,May
137073,2022-05-07,2245,Unknown,Accessories,2.0,895.81,USA,1791.62,2022,5,May
123310,2022-05-08,2228,Laptop,Electronics,3.0,447.46,Germany,1342.3799999999999,2022,5,May
131785,2022-05-09,2056,Watch,Electronics,1.0,1244.38,USA,1244.38,2022,5,May
164570,2022-05-10,2277,Bag,Fashion,1.0,1359.68,UK,1359.68,2022,5,May
180577,2022-05-11,2167,Laptop,Electronics,4.0,1350.45,Nigeria,5401.8,2022,5,May
156356,2022-05-12,2234,Headphones,Fashion,1.0,398.46,UK,398.46,2022,5,May
123306,2022-05-13,2029,Phone,Fashion,1.0,729.31,France,729.31,2022,5,May
136950,2022-05-14,2241,Laptop,Fashion,1.0,809.09,France,809.09,2022,5,May
178696,2022-05-15,2058,Phone,Electronics,3.0,1455.04,Nigeria,4365.12,2022,5,May
198611,2022-05-17,2114,Laptop,Electronics,4.0,109.39,France,437.56,2022,5,May
178928,2022-05-18,2272,Watch,Electronics,2.0,966.88,Germany,1933.76,2022,5,May
179904,2022-05-19,2123,Phone,Fashion,3.0,265.82,Germany,797.46,2022,5,May
170838,2022-05-20,2013,Headphones,Electronics,4.0,550.96,USA,2203.84,2022,5,May
133920,2022-05-21,2257,Laptop,Electronics,1.0,779.52,Germany,779.52,2022,5,May
188870,2022-05-22,2251,Watch,Fashion,2.0,1444.35,USA,2888.7,2022,5,May
192648,2022-05-23,2258,Bag,Electronics,1.0,243.69,USA,243.69,2022,5,May
179128,2022-05-24,2147,Watch,Fashion,3.0,1278.55,UK,3835.6499999999996,2022,5,May
190749,2022-05-25,2250,Bag,Unknown,3.0,33.08,USA,99.24,2022,5,May
133538,2022-05-26,2158,Watch,Electronics,2.0,76.62,Unknown,153.24,2022,5,May
181411,2022-05-27,2039,Phone,Fashion,3.0,721.8,Unknown,2165.3999999999996,2022,5,May
108286,2022-05-28,2077,Phone,Accessories,1.0,860.69,Nigeria,860.69,2022,5,May
118728,2022-05-29,2282,Laptop,Electronics,2.0,287.57,USA,575.14,2022,5,May
113640,2022-05-30,2140,Unknown,Electronics,2.0,281.64,Nigeria,563.28,2022,5,May
168627,2022-05-31,2241,Phone,Electronics,2.0,1080.98,UK,2161.96,2022,5,May
145663,2022-06-01,2257,Phone,Fashion,1.0,466.1,USA,466.1,2022,6,Jun
103912,2022-06-02,2266,Laptop,Electronics,1.0,1066.83,USA,1066.83,2022,6,Jun
150586,2022-06-03,2288,Headphones,Electronics,2.0,778.66,France,1557.32,2022,6,Jun
172130,2022-06-04,2284,Watch,Fashion,1.0,553.57,UK,553.57,2022,6,Jun
121752,2022-06-05,2186,Phone,Fashion,3.0,73.43,Germany,220.29000000000002,2022,6,Jun
159715,2022-06-06,2194,Bag,Electronics,3.0,1458.89,USA,4376.67,2022,6,Jun
189068,2022-06-07,2220,Bag,Fashion,3.0,573.12,USA,1719.3600000000001,2022,6,Jun
107997,2022-06-08,2065,Unknown,Fashion,4.0,1185.51,UK,4742.04,2022,6,Jun
140800,2022-06-10,2047,Shoes,Electronics,1.0,1347.19,USA,1347.19,2022,6,Jun
115620,2022-06-11,2081,Unknown,Electronics,1.0,112.83,UK,112.83,2022,6,Jun
170381,2022-06-12,2199,Phone,Electronics,3.0,425.66,USA,1276.98,2022,6,Jun
192299,2022-06-13,2198,Laptop,Electronics,1.0,791.67,USA,791.67,2022,6,Jun
154268,2022-06-14,2137,Headphones,Electronics,1.0,921.4,USA,921.4,2022,6,Jun
169069,2022-06-15,2015,Unknown,Electronics,4.0,966.96,Nigeria,3867.84,2022,6,Jun
168473,2022-06-16,2274,Bag,Electronics,3.0,590.89,USA,1772.67,2022,6,Jun
191757,2022-06-17,2157,Laptop,Electronics,1.0,943.38,Germany,943.38,2022,6,Jun
142512,2022-06-18,2181,Bag,Fashion,3.0,1300.0,Germany,3900.0,2022,6,Jun
119608,2022-06-19,2042,Headphones,Fashion,1.0,1257.92,USA,1257.92,2022,6,Jun
170557,2022-06-20,2130,Bag,Unknown,3.0,382.17,Germany,1146.51,2022,6,Jun
192309,2022-06-21,2285,Bag,Electronics,1.0,67.19,Nigeria,67.19,2022,6,Jun
199438,2022-06-22,2035,Shoes,Accessories,3.0,363.27,Germany,1089.81,2022,6,Jun
117340,2022-06-23,2275,Bag,Unknown,2.0,1230.16,USA,2460.32,2022,6,Jun
101913,2022-06-24,2023,Shoes,Electronics,2.0,990.08,Germany,1980.16,2022,6,Jun
152086,2022-06-25,2140,Bag,Fashion,3.0,191.13,France,573.39,2022,6,Jun
113429,2022-06-26,2184,Laptop,Electronics,2.0,250.59,France,501.18,2022,6,Jun
113907,2022-06-27,2194,Bag,Electronics,2.0,401.4,Germany,802.8,2022,6,Jun
135489,2022-06-28,2276,Headphones,Electronics,4.0,1282.16,UK,5128.64,2022,6,Jun
110088,2022-06-29,2131,Phone,Unknown,1.0,599.96,USA,599.96,2022,6,Jun
115588,2022-06-30,2081,Phone,Accessories,1.0,512.78,USA,512.78,2022,6,Jun
138395,2022-07-01,2038,Shoes,Fashion,2.0,342.35,Germany,684.7,2022,7,Jul
138214,2022-07-03,2037,Phone,Electronics,2.0,1452.22,USA,2904.44,2022,7,Jul
100469,2022-07-04,2040,Watch,Electronics,2.0,123.63,USA,247.26,2022,7,Jul
143295,2022-07-05,2283,Shoes,Electronics,1.0,756.58,France,756.58,2022,7,Jul
174253,2022-07-06,2132,Headphones,Unknown,1.0,1354.31,France,1354.31,2022,7,Jul
134488,2022-07-07,2165,Headphones,Electronics,3.0,405.03,Germany,1215.09,2022,7,Jul
138040,2022-07-08,2291,Phone,Fashion,2.0,511.86,Germany,1023.72,2022,7,Jul
128086,2022-07-11,2088,Phone,Fashion,2.0,1206.66,Unknown,2413.32,2022,7,Jul
182127,2022-07-12,2239,Watch,Electronics,2.0,381.46,UK,762.92,2022,7,Jul
115115,2022-07-13,2147,Phone,Electronics,3.0,92.94,Germany,278.82,2022,7,Jul
179983,2022-07-14,2060,Headphones,Accessories,1.0,998.8,UK,998.8,2022,7,Jul
152573,2022-07-15,2024,Unknown,Electronics,3.0,820.22,UK,2460.66,2022,7,Jul
194201,2022-07-16,2160,Headphones,Unknown,1.0,1394.81,France,1394.81,2022,7,Jul
164223,2022-07-17,2295,Shoes,Electronics,2.0,1175.05,UK,2350.1,2022,7,Jul
157368,2022-07-20,2016,Shoes,Electronics,3.0,1302.41,Nigeria,3907.2300000000005,2022,7,Jul
194275,2022-07-21,2218,Laptop,Fashion,3.0,32.41,UK,97.22999999999999,2022,7,Jul
143986,2022-07-22,2208,Shoes,Accessories,2.0,563.33,France,1126.66,2022,7,Jul
105103,2022-07-23,2224,Shoes,Electronics,3.0,1250.47,Unknown,3751.41,2022,7,Jul
135050,2022-07-24,2094,Shoes,Fashion,1.0,377.76,France,377.76,2022,7,Jul
101740,2022-07-25,2279,Headphones,Fashion,1.0,23.21,Nigeria,23.21,2022,7,Jul
155270,2022-07-26,2143,Watch,Fashion,3.0,514.16,USA,1542.48,2022,7,Jul
112579,2022-07-27,2172,Phone,Electronics,2.0,56.71,UK,113.42,2022,7,Jul
171382,2022-07-28,2083,Bag,Electronics,4.0,1373.96,USA,5495.84,2022,7,Jul
147805,2022-07-29,2119,Headphones,Electronics,2.0,1279.9,Germany,2559.8,2022,7,Jul
120165,2022-07-30,2055,Watch,Electronics,1.0,635.77,Unknown,635.77,2022,7,Jul
184523,2022-08-01,2077,Watch,Electronics,2.0,1469.24,Nigeria,2938.48,2022,8,Aug
130752,2022-08-02,2231,Bag,Fashion,1.0,736.45,Unknown,736.45,2022,8,Aug
189099,2022-08-03,2225,Bag,Unknown,2.0,657.85,UK,1315.7,2022,8,Aug
179464,2022-08-04,2284,Bag,Fashion,1.0,603.7,UK,603.7,2022,8,Aug
171892,2022-08-05,2244,Bag,Electronics,1.0,479.96,Germany,479.96,2022,8,Aug
133930,2022-08-06,2065,Headphones,Electronics,3.0,518.13,France,1554.3899999999999,2022,8,Aug
146774,2022-08-07,2068,Phone,Electronics,1.0,669.35,Germany,669.35,2022,8,Aug
128651,2022-08-08,2213,Unknown,Accessories,3.0,1385.67,USA,4157.01,2022,8,Aug
115997,2022-08-10,2048,Unknown,Fashion,2.0,1145.34,France,2290.68,2022,8,Aug
165180,2022-08-11,2099,Laptop,Fashion,2.0,1176.76,France,2353.52,2022,8,Aug
198927,2022-08-12,2069,Watch,Electronics,3.0,638.76,UK,1916.28,2022,8,Aug
197768,2022-08-13,2099,Phone,Electronics,2.0,876.32,Germany,1752.64,2022,8,Aug
174498,2022-08-14,2071,Watch,Electronics,2.0,1345.9,Unknown,2691.8,2022,8,Aug
185971,2022-08-16,2129,Watch,Fashion,2.0,599.14,USA,1198.28,2022,8,Aug
143671,2022-08-18,2153,Unknown,Electronics,1.0,72.18,Nigeria,72.18,2022,8,Aug
169939,2022-08-19,2100,Shoes,Fashion,4.0,29.27,Germany,117.08,2022,8,Aug
117582,2022-08-20,2077,Shoes,Accessories,2.0,412.29,UK,824.58,2022,8,Aug
129844,2022-08-21,2108,Shoes,Fashion,1.0,1412.05,USA,1412.05,2022,8,Aug
184917,2022-08-22,2178,Shoes,Fashion,1.0,489.74,USA,489.74,2022,8,Aug
138429,2022-08-23,2096,Laptop,Electronics,1.0,1333.42,Germany,1333.42,2022,8,Aug
181475,2022-08-24,2043,Bag,Fashion,2.0,181.59,Germany,363.18,2022,8,Aug
176323,2022-08-25,2275,Phone,Fashion,2.0,1013.63,Germany,2027.26,2022,8,Aug
182727,2022-08-26,2100,Watch,Fashion,2.0,496.22,France,992.44,2022,8,Aug
160809,2022-08-27,2112,Laptop,Accessories,3.0,1339.26,Nigeria,4017.7799999999997,2022,8,Aug
145353,2022-08-29,2008,Laptop,Electronics,1.0,516.48,UK,516.48,2022,8,Aug
189987,2022-08-30,2211,Phone,Accessories,3.0,733.86,Nigeria,2201.58,2022,8,Aug
103886,2022-08-31,2064,Laptop,Electronics,4.0,355.79,France,1423.16,2022,8,Aug
141690,2022-09-01,2096,Laptop,Electronics,1.0,50.02,Germany,50.02,2022,9,Sep
187986,2022-09-02,2280,Shoes,Electronics,1.0,101.78,USA,101.78,2022,9,Sep
180748,2022-09-03,2002,Headphones,Electronics,2.0,1218.6,USA,2437.2,2022,9,Sep
175523,2022-09-04,2108,Unknown,Fashion,2.0,1110.66,Nigeria,2221.32,2022,9,Sep
182119,2022-09-05,2203,Headphones,Electronics,4.0,1000.6,Germany,4002.4,2022,9,Sep
105181,2022-09-07,2284,Laptop,Fashion,2.0,382.33,France,764.66,2022,9,Sep
143349,2022-09-08,2065,Phone,Electronics,2.0,32.0,UK,64.0,2022,9,Sep
176578,2022-09-09,2210,Watch,Electronics,4.0,1372.46,USA,5489.84,2022,9,Sep
142914,2022-09-10,2021,Phone,Fashion,1.0,1479.92,France,1479.92,2022,9,Sep
170744,2022-09-11,2111,Phone,Electronics,2.0,254.88,USA,509.76,2022,9,Sep
171713,2022-09-12,2197,Headphones,Fashion,2.0,994.48,USA,1988.96,2022,9,Sep
163720,2022-09-13,2289,Shoes,Unknown,3.0,156.37,USA,469.11,2022,9,Sep
170399,2022-09-14,2106,Headphones,Electronics,4.0,87.67,USA,350.68,2022,9,Sep
147394,2022-09-15,2130,Phone,Electronics,1.0,547.17,France,547.17,2022,9,Sep
173925,2022-09-16,2027,Headphones,Electronics,1.0,155.39,Nigeria,155.39,2022,9,Sep
100894,2022-09-17,2232,Shoes,Fashion,2.0,171.22,Germany,342.44,2022,9,Sep
163413,2022-09-18,2147,Unknown,Electronics,1.0,743.49,UK,743.49,2022,9,Sep
148208,2022-09-19,2285,Bag,Electronics,4.0,797.17,France,3188.68,2022,9,Sep
130142,2022-09-20,2225,Phone,Electronics,2.0,593.61,France,1187.22,2022,9,Sep
126813,2022-09-22,2250,Unknown,Electronics,1.0,1480.1,USA,1480.1,2022,9,Sep
139041,2022-09-23,2061,Phone,Electronics,2.0,1263.56,Nigeria,2527.12,2022,9,Sep
159601,2022-09-24,2106,Phone,Fashion,3.0,1147.43,USA,3442.29,2022,9,Sep
191504,2022-09-25,2273,Laptop,Unknown,2.0,627.38,UK,1254.76,2022,9,Sep
168955,2022-09-27,2062,Bag,Electronics,3.0,859.1,UK,2577.3,2022,9,Sep
182088,2022-09-28,2022,Phone,Fashion,1.0,465.82,UK,465.82,2022,9,Sep
106004,2022-09-29,2225,Laptop,Electronics,3.0,259.06,Nigeria,777.1800000000001,2022,9,Sep
135620,2022-09-30,2102,Shoes,Electronics,2.0,1303.0,USA,2606.0,2022,9,Sep
186339,2022-10-02,2261,Headphones,Fashion,1.0,1476.59,Nigeria,1476.59,2022,10,Oct
157191,2022-10-03,2061,Bag,Electronics,1.0,392.8,France,392.8,2022,10,Oct
157852,2022-10-04,2170,Shoes,Fashion,3.0,1107.19,Germany,3321.57,2022,10,Oct
180675,2022-10-05,2247,Shoes,Fashion,4.0,96.35,France,385.4,2022,10,Oct
122302,2022-10-06,2273,Headphones,Unknown,1.0,1205.69,France,1205.69,2022,10,Oct
187069,2022-10-07,2196,Headphones,Unknown,2.0,776.07,France,1552.14,2022,10,Oct
183697,2022-10-08,2153,Watch,Fashion,4.0,1451.45,Germany,5805.8,2022,10,Oct
152513,2022-10-09,2142,Shoes,Electronics,1.0,741.04,UK,741.04,2022,10,Oct
154545,2022-10-10,2181,Laptop,Electronics,2.0,1167.61,Unknown,2335.22,2022,10,Oct
102562,2022-10-13,2198,Shoes,Accessories,3.0,1184.03,Germany,3552.09,2022,10,Oct
122597,2022-10-14,2028,Watch,Electronics,1.0,1309.79,France,1309.79,2022,10,Oct
125484,2022-10-15,2202,Bag,Electronics,1.0,164.07,Unknown,164.07,2022,10,Oct
178709,2022-10-16,2133,Phone,Unknown,3.0,1038.36,Nigeria,3115.08,2022,10,Oct
192925,2022-10-17,2178,Bag,Fashion,1.0,1470.75,Germany,1470.75,2022,10,Oct
146402,2022-10-18,2086,Shoes,Fashion,1.0,1420.56,Nigeria,1420.56,2022,10,Oct
193807,2022-10-19,2181,Phone,Fashion,3.0,549.68,France,1649.04,2022,10,Oct
111605,2022-10-20,2266,Shoes,Electronics,1.0,451.73,USA,451.73,2022,10,Oct
198727,2022-10-21,2043,Phone,Fashion,4.0,206.1,UK,824.4,2022,10,Oct
165483,2022-10-22,2142,Bag,Fashion,2.0,1481.23,USA,2962.46,2022,10,Oct
193846,2022-10-23,2120,Phone,Electronics,2.0,1154.42,USA,2308.84,2022,10,Oct
161073,2022-10-24,2056,Headphones,Accessories,3.0,940.58,Germany,2821.7400000000002,2022,10,Oct
199271,2022-10-25,2143,Watch,Fashion,2.0,783.88,USA,1567.76,2022,10,Oct
122571,2022-10-26,2119,Unknown,Fashion,2.0,1210.56,Unknown,2421.12,2022,10,Oct
154355,2022-10-27,2288,Unknown,Accessories,1.0,979.23,Germany,979.23,2022,10,Oct
133201,2022-10-28,2087,Bag,Electronics,1.0,734.0,USA,734.0,2022,10,Oct
178633,2022-10-29,2029,Laptop,Electronics,1.0,665.27,Germany,665.27,2022,10,Oct
188157,2022-10-30,2051,Headphones,Fashion,1.0,570.98,France,570.98,2022,10,Oct
183349,2022-10-31,2260,Unknown,Electronics,2.0,1454.94,UK,2909.88,2022,10,Oct
144889,2022-11-01,2192,Headphones,Electronics,1.0,1372.63,Unknown,1372.63,2022,11,Nov
179835,2022-11-04,2160,Shoes,Electronics,1.0,237.52,USA,237.52,2022,11,Nov
182249,2022-11-05,2241,Laptop,Electronics,2.0,896.3,USA,1792.6,2022,11,Nov
185532,2022-11-06,2072,Bag,Fashion,3.0,1087.59,France,3262.7699999999995,2022,11,Nov
116363,2022-11-07,2073,Headphones,Fashion,4.0,1295.44,Germany,5181.76,2022,11,Nov
124785,2022-11-08,2228,Phone,Unknown,2.0,1365.03,UK,2730.06,2022,11,Nov
155913,2022-11-09,2176,Phone,Fashion,2.0,1402.56,France,2805.12,2022,11,Nov
163418,2022-11-10,2227,Watch,Electronics,3.0,1466.72,UK,4400.16,2022,11,Nov
190070,2022-11-12,2061,Bag,Electronics,4.0,1101.15,USA,4404.6,2022,11,Nov
197855,2022-11-13,2171,Bag,Fashion,1.0,513.92,Unknown,513.92,2022,11,Nov
166576,2022-11-14,2097,Laptop,Fashion,2.0,1393.71,USA,2787.42,2022,11,Nov
171786,2022-11-15,2178,Watch,Electronics,3.0,210.45,USA,631.3499999999999,2022,11,Nov
157508,2022-11-16,2108,Phone,Fashion,1.0,819.56,UK,819.56,2022,11,Nov
190718,2022-11-17,2120,Laptop,Fashion,1.0,680.83,USA,680.83,2022,11,Nov
172308,2022-11-19,2273,Laptop,Unknown,3.0,965.42,USA,2896.2599999999998,2022,11,Nov
125907,2022-11-21,2195,Headphones,Fashion,2.0,145.3,Nigeria,290.6,2022,11,Nov
145192,2022-11-22,2242,Laptop,Electronics,1.0,436.58,Unknown,436.58,2022,11,Nov
109144,2022-11-23,2093,Watch,Fashion,4.0,764.56,France,3058.24,2022,11,Nov
127741,2022-11-24,2120,Shoes,Electronics,1.0,595.83,USA,595.83,2022,11,Nov
162551,2022-11-25,2150,Phone,Electronics,1.0,1423.83,France,1423.83,2022,11,Nov
102195,2022-11-26,2210,Shoes,Fashion,3.0,897.98,France,2693.94,2022,11,Nov
104680,2022-11-27,2007,Watch,Electronics,2.0,1061.96,UK,2123.92,2022,11,Nov
125687,2022-11-29,2026,Watch,Unknown,1.0,610.64,France,610.64,2022,11,Nov
152237,2022-11-30,2248,Shoes,Electronics,3.0,96.7,France,290.1,2022,11,Nov
197594,2022-12-01,2132,Shoes,Electronics,2.0,51.32,USA,102.64,2022,12,Dec
110100,2022-12-03,2089,Phone,Fashion,1.0,1043.79,USA,1043.79,2022,12,Dec
160343,2022-12-04,2026,Phone,Unknown,3.0,273.96,Unknown,821.8799999999999,2022,12,Dec
180704,2022-12-05,2188,Headphones,Unknown,2.0,952.18,Germany,1904.36,2022,12,Dec
143723,2022-12-06,2243,Headphones,Accessories,3.0,21.16,France,63.480000000000004,2022,12,Dec
154180,2022-12-08,2083,Shoes,Electronics,1.0,422.26,USA,422.26,2022,12,Dec
157625,2022-12-09,2078,Watch,Unknown,1.0,1324.85,Nigeria,1324.85,2022,12,Dec
189514,2022-12-11,2121,Unknown,Electronics,2.0,589.23,Unknown,1178.46,2022,12,Dec
177582,2022-12-12,2096,Bag,Fashion,1.0,244.2,UK,244.2,2022,12,Dec
120950,2022-12-13,2292,Unknown,Fashion,2.0,200.34,Unknown,400.68,2022,12,Dec
198258,2022-12-15,2205,Shoes,Fashion,1.0,1125.89,France,1125.89,2022,12,Dec
152548,2022-12-16,2051,Headphones,Electronics,3.0,106.63,Nigeria,319.89,2022,12,Dec
146614,2022-12-17,2049,Bag,Electronics,3.0,93.96,USA,281.88,2022,12,Dec
123418,2022-12-18,2031,Headphones,Accessories,2.0,1217.55,USA,2435.1,2022,12,Dec
149747,2022-12-19,2146,Headphones,Electronics,3.0,788.67,USA,2366.0099999999998,2022,12,Dec
133415,2022-12-20,2268,Laptop,Accessories,3.0,1290.36,USA,3871.08,2022,12,Dec
112232,2022-12-21,2111,Headphones,Electronics,2.0,922.15,USA,1844.3,2022,12,Dec
157600,2022-12-23,2094,Shoes,Accessories,2.0,264.9,USA,529.8,2022,12,Dec
127784,2022-12-24,2208,Shoes,Fashion,4.0,665.91,UK,2663.64,2022,12,Dec
144239,2022-12-25,2065,Shoes,Electronics,1.0,286.75,USA,286.75,2022,12,Dec
198229,2022-12-26,2088,Phone,Fashion,2.0,1299.15,UK,2598.3,2022,12,Dec
139335,2022-12-27,2272,Phone,Fashion,3.0,1471.17,USA,4413.51,2022,12,Dec
137212,2022-12-28,2219,Unknown,Electronics,1.0,930.32,USA,930.32,2022,12,Dec
152141,2022-12-29,2165,Laptop,Fashion,2.0,974.98,Germany,1949.96,2022,12,Dec
133354,2022-12-31,2004,Bag,Electronics,4.0,1018.38,Germany,4073.52,2022,12,Dec
179668,2023-01-01,2174,Shoes,Electronics,1.0,581.28,France,581.28,2023,1,Jan
154254,2023-01-02,2040,Headphones,Electronics,4.0,363.56,Germany,1454.24,2023,1,Jan
107601,2023-01-03,2241,Laptop,Fashion,1.0,616.96,UK,616.96,2023,1,Jan
127867,2023-01-04,2004,Phone,Electronics,2.0,1450.38,USA,2900.76,2023,1,Jan
111059,2023-01-05,2214,Laptop,Unknown,4.0,125.0,USA,500.0,2023,1,Jan
166275,2023-01-06,2271,Unknown,Fashion,1.0,158.89,UK,158.89,2023,1,Jan
195081,2023-01-07,2029,Bag,Electronics,3.0,995.33,Germany,2985.9900000000002,2023,1,Jan
121266,2023-01-08,2170,Headphones,Electronics,2.0,908.0,USA,1816.0,2023,1,Jan
193557,2023-01-09,2153,Unknown,Accessories,1.0,1107.26,USA,1107.26,2023,1,Jan
105410,2023-01-10,2203,Shoes,Electronics,1.0,1351.86,USA,1351.86,2023,1,Jan
148798,2023-01-12,2022,Shoes,Fashion,1.0,528.71,USA,528.71,2023,1,Jan
182357,2023-01-13,2110,Watch,Electronics,4.0,782.93,UK,3131.72,2023,1,Jan
169434,2023-01-14,2299,Unknown,Fashion,1.0,265.68,UK,265.68,2023,1,Jan
118231,2023-01-16,2253,Laptop,Electronics,3.0,1025.05,Unknown,3075.1499999999996,2023,1,Jan
109724,2023-01-17,2130,Headphones,Fashion,1.0,1306.65,Germany,1306.65,2023,1,Jan
123314,2023-01-18,2153,Bag,Electronics,3.0,457.11,USA,1371.33,2023,1,Jan
166477,2023-01-19,2125,Laptop,Electronics,2.0,1341.17,USA,2682.34,2023,1,Jan
127479,2023-01-20,2120,Unknown,Electronics,2.0,232.11,France,464.22,2023,1,Jan
125025,2023-01-21,2128,Bag,Electronics,1.0,558.46,Nigeria,558.46,2023,1,Jan
111590,2023-01-22,2184,Phone,Accessories,1.0,111.99,UK,111.99,2023,1,Jan
154762,2023-01-23,2110,Headphones,Unknown,2.0,918.6,Germany,1837.2,2023,1,Jan
176853,2023-01-24,2198,Phone,Fashion,1.0,367.36,France,367.36,2023,1,Jan
174544,2023-01-25,2086,Headphones,Electronics,3.0,355.22,USA,1065.66,2023,1,Jan
131838,2023-01-26,2190,Shoes,Electronics,3.0,1490.29,France,4470.87,2023,1,Jan
118491,2023-01-27,2255,Bag,Electronics,2.0,363.76,Germany,727.52,2023,1,Jan
114672,2023-01-28,2046,Phone,Fashion,2.0,771.17,France,1542.34,2023,1,Jan
191802,2023-01-29,2251,Laptop,Electronics,2.0,926.73,Nigeria,1853.46,2023,1,Jan
195868,2023-01-30,2089,Headphones,Fashion,3.0,1453.31,UK,4359.93,2023,1,Jan
186179,2023-01-31,2205,Headphones,Electronics,3.0,1415.98,Nigeria,4247.9400000000005,2023,1,Jan
111834,2023-02-01,2140,Headphones,Electronics,1.0,619.81,USA,619.81,2023,2,Feb
182865,2023-02-02,2293,Unknown,Electronics,4.0,172.23,Germany,688.92,2023,2,Feb
162570,2023-02-03,2159,Unknown,Fashion,2.0,295.11,Unknown,590.22,2023,2,Feb
173929,2023-02-04,2296,Laptop,Accessories,4.0,20.29,USA,81.16,2023,2,Feb
156620,2023-02-05,2089,Unknown,Unknown,2.0,6.42,France,12.84,2023,2,Feb
183725,2023-02-06,2285,Unknown,Fashion,2.0,1166.74,USA,2333.48,2023,2,Feb
147993,2023-02-07,2284,Phone,Electronics,3.0,538.49,Unknown,1615.47,2023,2,Feb
167398,2023-02-08,2052,Bag,Electronics,2.0,974.42,UK,1948.84,2023,2,Feb
166439,2023-02-09,2298,Phone,Electronics,2.0,847.07,France,1694.14,2023,2,Feb
195952,2023-02-10,2138,Headphones,Electronics,2.0,1319.47,Germany,2638.94,2023,2,Feb
115352,2023-02-11,2212,Shoes,Electronics,2.0,865.11,USA,1730.22,2023,2,Feb
164022,2023-02-12,2273,Phone,Electronics,2.0,169.66,France,339.32,2023,2,Feb
189935,2023-02-14,2167,Bag,Fashion,1.0,1085.54,USA,1085.54,2023,2,Feb
114297,2023-02-15,2038,Bag,Fashion,1.0,464.8,USA,464.8,2023,2,Feb
105896,2023-02-16,2193,Shoes,Accessories,2.0,1134.29,Germany,2268.58,2023,2,Feb
112003,2023-02-17,2048,Laptop,Unknown,1.0,592.8,Germany,592.8,2023,2,Feb
173478,2023-02-18,2214,Unknown,Fashion,3.0,1292.25,USA,3876.75,2023,2,Feb
123761,2023-02-19,2045,Laptop,Electronics,2.0,745.92,France,1491.84,2023,2,Feb
142439,2023-02-20,2122,Shoes,Unknown,1.0,910.61,USA,910.61,2023,2,Feb
181858,2023-02-21,2177,Laptop,Electronics,3.0,115.2,France,345.6,2023,2,Feb
195804,2023-02-22,2022,Shoes,Accessories,1.0,1251.21,Unknown,1251.21,2023,2,Feb
152280,2023-02-23,2231,Watch,Electronics,2.0,740.05,USA,1480.1,2023,2,Feb
136589,2023-02-24,2032,Shoes,Fashion,2.0,211.7,UK,423.4,2023,2,Feb
184631,2023-02-25,2102,Unknown,Electronics,3.0,79.59,USA,238.77,2023,2,Feb
108472,2023-02-26,2151,Bag,Fashion,3.0,546.17,Germany,1638.5099999999998,2023,2,Feb
166564,2023-02-27,2122,Headphones,Electronics,3.0,1450.58,USA,4351.74,2023,2,Feb
135428,2023-02-28,2082,Headphones,Fashion,1.0,1258.68,Germany,1258.68,2023,2,Feb
162444,2023-03-01,2102,Phone,Unknown,1.0,920.52,Nigeria,920.52,2023,3,Mar
167889,2023-03-02,2089,Unknown,Fashion,3.0,726.39,UK,2179.17,2023,3,Mar
192503,2023-03-03,2238,Phone,Electronics,1.0,1442.82,France,1442.82,2023,3,Mar
187582,2023-03-04,2079,Headphones,Fashion,1.0,1434.46,Nigeria,1434.46,2023,3,Mar
107734,2023-03-05,2113,Laptop,Fashion,3.0,771.61,France,2314.83,2023,3,Mar
190265,2023-03-06,2155,Headphones,Accessories,2.0,234.14,UK,468.28,2023,3,Mar
123905,2023-03-08,2265,Phone,Electronics,1.0,569.67,France,569.67,2023,3,Mar
176473,2023-03-10,2064,Headphones,Electronics,4.0,624.6,USA,2498.4,2023,3,Mar
145463,2023-03-11,2247,Watch,Electronics,3.0,37.39,USA,112.17,2023,3,Mar
166589,2023-03-13,2054,Headphones,Fashion,1.0,1186.48,France,1186.48,2023,3,Mar
121875,2023-03-15,2126,Laptop,Fashion,1.0,1229.68,UK,1229.68,2023,3,Mar
136661,2023-03-16,2019,Watch,Fashion,1.0,67.67,USA,67.67,2023,3,Mar
102679,2023-03-17,2197,Phone,Fashion,3.0,1135.37,USA,3406.1099999999997,2023,3,Mar
176723,2023-03-18,2212,Bag,Fashion,4.0,685.03,USA,2740.12,2023,3,Mar
170486,2023-03-19,2125,Shoes,Electronics,2.0,207.39,USA,414.78,2023,3,Mar
131222,2023-03-20,2190,Bag,Unknown,1.0,146.4,Germany,146.4,2023,3,Mar
168201,2023-03-21,2196,Bag,Fashion,3.0,1035.24,Unknown,3105.7200000000003,2023,3,Mar
184977,2023-03-22,2169,Shoes,Electronics,1.0,974.49,Nigeria,974.49,2023,3,Mar
130857,2023-03-23,2208,Shoes,Fashion,2.0,150.3,USA,300.6,2023,3,Mar
139606,2023-03-24,2144,Bag,Fashion,3.0,817.0,UK,2451.0,2023,3,Mar
100851,2023-03-25,2185,Shoes,Fashion,3.0,1394.93,USA,4184.79,2023,3,Mar
105028,2023-03-26,2133,Shoes,Fashion,3.0,1194.72,UK,3584.16,2023,3,Mar
120177,2023-03-27,2096,Headphones,Accessories,1.0,1444.3,UK,1444.3,2023,3,Mar
189236,2023-03-28,2278,Unknown,Fashion,2.0,1202.46,UK,2404.92,2023,3,Mar
139920,2023-03-29,2131,Phone,Unknown,2.0,984.38,Unknown,1968.76,2023,3,Mar
190238,2023-03-30,2169,Headphones,Electronics,1.0,1368.08,France,1368.08,2023,3,Mar
155082,2023-03-31,2102,Headphones,Electronics,2.0,1010.19,Unknown,2020.38,2023,3,Mar
122036,2023-04-02,2095,Bag,Electronics,3.0,142.79,Germany,428.37,2023,4,Apr
138212,2023-04-04,2091,Shoes,Fashion,1.0,284.96,France,284.96,2023,4,Apr
182032,2023-04-05,2071,Unknown,Fashion,1.0,1309.67,UK,1309.67,2023,4,Apr
134735,2023-04-06,2058,Phone,Electronics,1.0,645.28,France,645.28,2023,4,Apr
182570,2023-04-07,2005,Laptop,Electronics,2.0,723.23,Germany,1446.46,2023,4,Apr
101384,2023-04-08,2073,Phone,Electronics,2.0,1146.83,France,2293.66,2023,4,Apr
179403,2023-04-09,2140,Shoes,Electronics,4.0,1284.88,UK,5139.52,2023,4,Apr
165599,2023-04-10,2232,Headphones,Electronics,3.0,584.83,Unknown,1754.4900000000002,2023,4,Apr
151654,2023-04-12,2206,Bag,Fashion,2.0,214.98,Unknown,429.96,2023,4,Apr
162729,2023-04-13,2015,Unknown,Fashion,2.0,689.17,Germany,1378.34,2023,4,Apr
152668,2023-04-14,2004,Phone,Electronics,4.0,409.41,Nigeria,1637.64,2023,4,Apr
119055,2023-04-15,2180,Phone,Unknown,1.0,253.06,Unknown,253.06,2023,4,Apr
146499,2023-04-16,2066,Headphones,Electronics,3.0,752.7,Nigeria,2258.1000000000004,2023,4,Apr
191980,2023-04-17,2261,Phone,Electronics,1.0,597.12,Germany,597.12,2023,4,Apr
187314,2023-04-18,2039,Watch,Accessories,2.0,1044.95,Unknown,2089.9,2023,4,Apr
136209,2023-04-19,2297,Unknown,Electronics,1.0,953.55,USA,953.55,2023,4,Apr
108010,2023-04-20,2150,Unknown,Electronics,1.0,434.43,Unknown,434.43,2023,4,Apr
159618,2023-04-21,2217,Phone,Electronics,1.0,1335.01,UK,1335.01,2023,4,Apr
151115,2023-04-23,2265,Laptop,Fashion,1.0,420.13,USA,420.13,2023,4,Apr
171299,2023-04-24,2099,Watch,Electronics,3.0,152.74,Nigeria,458.22,2023,4,Apr
119340,2023-04-25,2026,Unknown,Unknown,1.0,1161.16,Germany,1161.16,2023,4,Apr
153121,2023-04-27,2210,Unknown,Electronics,2.0,1394.17,USA,2788.34,2023,4,Apr
114705,2023-04-28,2072,Bag,Fashion,3.0,1486.82,France,4460.46,2023,4,Apr
156448,2023-04-29,2255,Headphones,Electronics,2.0,1134.48,UK,2268.96,2023,4,Apr
125274,2023-05-01,2114,Shoes,Electronics,1.0,1117.83,France,1117.83,2023,5,May
182212,2023-05-02,2241,Headphones,Fashion,1.0,1098.61,Nigeria,1098.61,2023,5,May
131075,2023-05-03,2174,Headphones,Electronics,1.0,713.31,UK,713.31,2023,5,May
153251,2023-05-04,2010,Unknown,Fashion,4.0,833.47,USA,3333.88,2023,5,May
170882,2023-05-05,2202,Phone,Fashion,3.0,1128.17,Germany,3384.51,2023,5,May
123417,2023-05-06,2280,Bag,Electronics,2.0,414.58,France,829.16,2023,5,May
196700,2023-05-07,2043,Watch,Electronics,4.0,567.98,UK,2271.92,2023,5,May
113729,2023-05-08,2141,Headphones,Fashion,1.0,1447.91,Nigeria,1447.91,2023,5,May
123836,2023-05-09,2055,Headphones,Electronics,3.0,20.54,Nigeria,61.62,2023,5,May
156132,2023-05-10,2005,Shoes,Fashion,1.0,867.77,Unknown,867.77,2023,5,May
169658,2023-05-11,2042,Shoes,Electronics,1.0,793.26,Nigeria,793.26,2023,5,May
126872,2023-05-13,2049,Watch,Fashion,1.0,1230.14,France,1230.14,2023,5,May
111465,2023-05-15,2152,Unknown,Fashion,2.0,709.91,USA,1419.82,2023,5,May
179285,2023-05-16,2021,Phone,Unknown,2.0,1271.93,UK,2543.86,2023,5,May
199975,2023-05-17,2146,Laptop,Accessories,2.0,382.77,USA,765.54,2023,5,May
133374,2023-05-18,2063,Headphones,Electronics,3.0,1110.45,France,3331.3500000000004,2023,5,May
118504,2023-05-19,2029,Unknown,Fashion,1.0,213.65,USA,213.65,2023,5,May
145302,2023-05-20,2293,Bag,Fashion,2.0,1421.99,UK,2843.98,2023,5,May
158503,2023-05-21,2168,Phone,Fashion,2.0,936.01,USA,1872.02,2023,5,May
115835,2023-05-22,2223,Unknown,Fashion,1.0,296.73,USA,296.73,2023,5,May
107788,2023-05-23,2103,Bag,Unknown,4.0,974.5,Nigeria,3898.0,2023,5,May
152547,2023-05-24,2267,Bag,Electronics,1.0,1035.25,Germany,1035.25,2023,5,May
124404,2023-05-25,2142,Laptop,Unknown,2.0,734.38,USA,1468.76,2023,5,May
126951,2023-05-26,2288,Bag,Electronics,2.0,547.08,USA,1094.16,2023,5,May
190707,2023-05-27,2193,Headphones,Unknown,3.0,1067.13,USA,3201.3900000000003,2023,5,May
138111,2023-05-28,2121,Bag,Fashion,2.0,259.14,USA,518.28,2023,5,May
167840,2023-05-29,2036,Bag,Unknown,3.0,546.16,UK,1638.48,2023,5,May
111909,2023-05-30,2250,Phone,Fashion,1.0,438.62,Germany,438.62,2023,5,May
199435,2023-05-31,2025,Unknown,Unknown,3.0,215.7,Germany,647.0999999999999,2023,5,May
197182,2023-06-01,2072,Shoes,Electronics,4.0,1004.91,France,4019.64,2023,6,Jun
114281,2023-06-02,2050,Headphones,Electronics,3.0,1000.99,USA,3002.9700000000003,2023,6,Jun
118387,2023-06-03,2012,Phone,Fashion,1.0,1336.47,Germany,1336.47,2023,6,Jun
160935,2023-06-04,2147,Bag,Accessories,1.0,571.51,Germany,571.51,2023,6,Jun
160565,2023-06-05,2195,Unknown,Accessories,4.0,134.48,USA,537.92,2023,6,Jun
189564,2023-06-06,2007,Bag,Electronics,1.0,590.16,Germany,590.16,2023,6,Jun
113704,2023-06-07,2092,Shoes,Electronics,2.0,683.48,France,1366.96,2023,6,Jun
150859,2023-06-08,2014,Unknown,Electronics,2.0,202.73,USA,405.46,2023,6,Jun
109774,2023-06-09,2046,Bag,Unknown,4.0,1379.96,France,5519.84,2023,6,Jun
173728,2023-06-10,2227,Headphones,Electronics,1.0,32.14,UK,32.14,2023,6,Jun
173064,2023-06-11,2035,Phone,Fashion,2.0,537.58,USA,1075.16,2023,6,Jun
198995,2023-06-12,2209,Phone,Electronics,1.0,540.57,USA,540.57,2023,6,Jun
193258,2023-06-13,2151,Watch,Fashion,2.0,1469.0,UK,2938.0,2023,6,Jun
118931,2023-06-14,2061,Bag,Electronics,3.0,354.68,UK,1064.04,2023,6,Jun
192898,2023-06-15,2117,Unknown,Fashion,1.0,874.9,USA,874.9,2023,6,Jun
168219,2023-06-16,2181,Laptop,Electronics,2.0,1381.95,France,2763.9,2023,6,Jun
124919,2023-06-17,2012,Phone,Unknown,1.0,420.97,UK,420.97,2023,6,Jun
180992,2023-06-18,2007,Headphones,Accessories,1.0,792.04,USA,792.04,2023,6,Jun
172531,2023-06-19,2110,Unknown,Fashion,2.0,1154.44,Germany,2308.88,2023,6,Jun
128954,2023-06-20,2167,Shoes,Fashion,1.0,289.38,USA,289.38,2023,6,Jun
171712,2023-06-21,2147,Bag,Electronics,2.0,1465.89,USA,2931.78,2023,6,Jun
139366,2023-06-23,2065,Phone,Fashion,2.0,746.2,UK,1492.4,2023,6,Jun
105985,2023-06-24,2082,Phone,Unknown,3.0,929.39,Germany,2788.17,2023,6,Jun
137292,2023-06-25,2089,Laptop,Electronics,4.0,298.77,USA,1195.08,2023,6,Jun
199131,2023-06-26,2101,Unknown,Unknown,1.0,973.78,UK,973.78,2023,6,Jun
175577,2023-06-27,2184,Headphones,Fashion,2.0,343.07,France,686.14,2023,6,Jun
155986,2023-06-28,2072,Phone,Electronics,1.0,303.27,UK,303.27,2023,6,Jun
110413,2023-06-29,2178,Phone,Fashion,2.0,697.3,France,1394.6,2023,6,Jun
130441,2023-06-30,2034,Phone,Accessories,1.0,1356.47,Germany,1356.47,2023,6,Jun
179249,2023-07-04,2177,Bag,Fashion,1.0,673.22,UK,673.22,2023,7,Jul
135235,2023-07-05,2223,Shoes,Electronics,1.0,1073.09,USA,1073.09,2023,7,Jul
136546,2023-07-06,2074,Laptop,Unknown,3.0,732.1,USA,2196.3,2023,7,Jul
165940,2023-07-07,2139,Bag,Electronics,3.0,818.77,France,2456.31,2023,7,Jul
105037,2023-07-08,2093,Watch,Fashion,4.0,1233.44,Nigeria,4933.76,2023,7,Jul
125785,2023-07-09,2034,Unknown,Fashion,1.0,1066.5,Germany,1066.5,2023,7,Jul
146031,2023-07-10,2202,Unknown,Fashion,1.0,629.23,Unknown,629.23,2023,7,Jul
165911,2023-07-11,2241,Bag,Accessories,2.0,1228.33,France,2456.66,2023,7,Jul
181572,2023-07-12,2295,Phone,Electronics,2.0,1131.89,UK,2263.78,2023,7,Jul
176478,2023-07-13,2010,Laptop,Electronics,2.0,1208.7,UK,2417.4,2023,7,Jul
197796,2023-07-14,2258,Headphones,Fashion,1.0,439.27,USA,439.27,2023,7,Jul
116881,2023-07-15,2075,Bag,Electronics,3.0,1180.05,Unknown,3540.1499999999996,2023,7,Jul
156818,2023-07-16,2051,Unknown,Unknown,2.0,633.43,Nigeria,1266.86,2023,7,Jul
123757,2023-07-17,2091,Laptop,Electronics,1.0,746.29,Nigeria,746.29,2023,7,Jul
109630,2023-07-18,2131,Shoes,Fashion,1.0,449.71,USA,449.71,2023,7,Jul
195597,2023-07-19,2272,Headphones,Fashion,1.0,392.98,Nigeria,392.98,2023,7,Jul
196087,2023-07-20,2269,Laptop,Electronics,4.0,69.95,USA,279.8,2023,7,Jul
170051,2023-07-21,2294,Bag,Electronics,4.0,681.65,Unknown,2726.6,2023,7,Jul
168826,2023-07-22,2260,Watch,Fashion,2.0,84.95,France,169.9,2023,7,Jul
162838,2023-07-24,2081,Shoes,Electronics,2.0,966.68,UK,1933.36,2023,7,Jul
195254,2023-07-25,2144,Phone,Electronics,1.0,454.27,USA,454.27,2023,7,Jul
196975,2023-07-27,2267,Shoes,Electronics,3.0,328.59,Germany,985.77,2023,7,Jul
164866,2023-07-28,2150,Bag,Electronics,1.0,69.47,UK,69.47,2023,7,Jul
128250,2023-07-29,2060,Phone,Fashion,1.0,1358.27,USA,1358.27,2023,7,Jul
197254,2023-07-30,2219,Headphones,Electronics,1.0,624.71,USA,624.71,2023,7,Jul
116080,2023-07-31,2130,Unknown,Electronics,1.0,896.98,USA,896.98,2023,7,Jul
158812,2023-08-01,2072,Laptop,Unknown,1.0,496.74,Unknown,496.74,2023,8,Aug
156111,2023-08-02,2217,Phone,Accessories,4.0,789.71,UK,3158.84,2023,8,Aug
170272,2023-08-03,2294,Laptop,Electronics,3.0,824.27,France,2472.81,2023,8,Aug
103466,2023-08-04,2052,Watch,Fashion,1.0,1081.29,Germany,1081.29,2023,8,Aug
170238,2023-08-06,2004,Phone,Electronics,2.0,448.33,USA,896.66,2023,8,Aug
138406,2023-08-07,2243,Bag,Fashion,1.0,494.55,Nigeria,494.55,2023,8,Aug
140621,2023-08-08,2203,Phone,Accessories,1.0,1390.82,USA,1390.82,2023,8,Aug
148373,2023-08-09,2165,Phone,Electronics,2.0,1167.15,France,2334.3,2023,8,Aug
171070,2023-08-10,2263,Unknown,Electronics,1.0,496.93,Germany,496.93,2023,8,Aug
147273,2023-08-11,2150,Bag,Electronics,1.0,1004.73,USA,1004.73,2023,8,Aug
139078,2023-08-12,2124,Watch,Electronics,4.0,1155.13,Germany,4620.52,2023,8,Aug
121074,2023-08-14,2187,Phone,Electronics,2.0,1054.92,UK,2109.84,2023,8,Aug
128039,2023-08-15,2223,Laptop,Electronics,3.0,879.46,France,2638.38,2023,8,Aug
168828,2023-08-16,2082,Shoes,Electronics,2.0,794.25,UK,1588.5,2023,8,Aug
138569,2023-08-17,2279,Bag,Electronics,3.0,622.58,Nigeria,1867.7400000000002,2023,8,Aug
111100,2023-08-18,2083,Unknown,Fashion,1.0,1488.71,Nigeria,1488.71,2023,8,Aug
141294,2023-08-19,2281,Laptop,Fashion,1.0,1208.64,UK,1208.64,2023,8,Aug
190853,2023-08-20,2197,Bag,Accessories,3.0,160.21,Germany,480.63,2023,8,Aug
125819,2023-08-21,2088,Shoes,Fashion,1.0,499.52,Unknown,499.52,2023,8,Aug
197526,2023-08-22,2154,Headphones,Fashion,2.0,800.8,UK,1601.6,2023,8,Aug
108292,2023-08-23,2120,Bag,Electronics,4.0,1183.31,UK,4733.24,2023,8,Aug
175997,2023-08-24,2117,Shoes,Electronics,3.0,1065.48,USA,3196.44,2023,8,Aug
140444,2023-08-25,2121,Laptop,Electronics,3.0,499.61,USA,1498.83,2023,8,Aug
190286,2023-08-26,2286,Headphones,Fashion,1.0,1324.34,USA,1324.34,2023,8,Aug
190717,2023-08-27,2142,Unknown,Unknown,2.0,812.66,UK,1625.32,2023,8,Aug
173330,2023-08-28,2096,Bag,Fashion,1.0,1284.51,USA,1284.51,2023,8,Aug
120129,2023-08-29,2189,Bag,Electronics,2.0,1335.08,UK,2670.16,2023,8,Aug
137644,2023-08-30,2001,Unknown,Fashion,2.0,937.73,Unknown,1875.46,2023,8,Aug
185728,2023-08-31,2118,Bag,Accessories,2.0,222.0,France,444.0,2023,8,Aug
142729,2023-09-01,2171,Watch,Electronics,3.0,913.27,Nigeria,2739.81,2023,9,Sep
141808,2023-09-02,2015,Headphones,Electronics,1.0,31.85,Germany,31.85,2023,9,Sep
187496,2023-09-03,2202,Headphones,Unknown,2.0,955.6,UK,1911.2,2023,9,Sep
195219,2023-09-04,2085,Unknown,Accessories,1.0,304.45,Nigeria,304.45,2023,9,Sep
102173,2023-09-05,2167,Bag,Electronics,1.0,1290.62,UK,1290.62,2023,9,Sep
186640,2023-09-07,2094,Headphones,Fashion,2.0,442.68,USA,885.36,2023,9,Sep
106874,2023-09-08,2256,Laptop,Electronics,2.0,9.25,Germany,18.5,2023,9,Sep
183099,2023-09-09,2081,Phone,Electronics,3.0,1370.22,UK,4110.66,2023,9,Sep
190808,2023-09-10,2186,Headphones,Accessories,2.0,1306.75,UK,2613.5,2023,9,Sep
161761,2023-09-12,2219,Unknown,Electronics,1.0,184.65,Unknown,184.65,2023,9,Sep
184416,2023-09-13,2299,Laptop,Unknown,1.0,803.56,USA,803.56,2023,9,Sep
102757,2023-09-14,2278,Shoes,Fashion,2.0,785.69,UK,1571.38,2023,9,Sep
112120,2023-09-15,2287,Laptop,Electronics,1.0,700.3,USA,700.3,2023,9,Sep
169583,2023-09-17,2298,Phone,Fashion,2.0,906.62,UK,1813.24,2023,9,Sep
183971,2023-09-18,2292,Shoes,Unknown,1.0,1424.99,UK,1424.99,2023,9,Sep
152462,2023-09-19,2172,Watch,Fashion,1.0,1363.42,UK,1363.42,2023,9,Sep
173381,2023-09-20,2209,Shoes,Fashion,4.0,1055.85,USA,4223.4,2023,9,Sep
143864,2023-09-21,2240,Shoes,Unknown,1.0,1353.52,Unknown,1353.52,2023,9,Sep
165094,2023-09-22,2198,Phone,Electronics,4.0,975.77,Unknown,3903.08,2023,9,Sep
173364,2023-09-23,2262,Phone,Electronics,3.0,1104.9,USA,3314.7000000000003,2023,9,Sep
191014,2023-09-24,2028,Headphones,Fashion,1.0,923.54,Germany,923.54,2023,9,Sep
121107,2023-09-25,2077,Shoes,Electronics,1.0,565.31,USA,565.31,2023,9,Sep
104930,2023-09-26,2184,Shoes,Unknown,2.0,647.85,Unknown,1295.7,2023,9,Sep
149756,2023-09-27,2009,Phone,Fashion,1.0,857.28,France,857.28,2023,9,Sep
157308,2023-09-28,2110,Laptop,Fashion,2.0,370.66,Unknown,741.32,2023,9,Sep
185371,2023-09-30,2284,Bag,Electronics,2.0,1046.33,Germany,2092.66,2023,9,Sep
120165,2023-10-01,2064,Shoes,Electronics,2.0,734.37,Unknown,1468.74,2023,10,Oct
174573,2023-10-05,2087,Headphones,Fashion,1.0,716.78,France,716.78,2023,10,Oct
106037,2023-10-06,2222,Watch,Fashion,3.0,954.88,Unknown,2864.64,2023,10,Oct
154779,2023-10-07,2003,Unknown,Fashion,2.0,975.25,France,1950.5,2023,10,Oct
125247,2023-10-08,2111,Headphones,Fashion,1.0,320.46,UK,320.46,2023,10,Oct
152817,2023-10-09,2243,Laptop,Fashion,1.0,558.4,Germany,558.4,2023,10,Oct
124813,2023-10-10,2082,Bag,Electronics,2.0,727.96,UK,1455.92,2023,10,Oct
148371,2023-10-11,2028,Headphones,Unknown,3.0,1435.18,USA,4305.54,2023,10,Oct
147354,2023-10-12,2291,Watch,Accessories,1.0,559.45,France,559.45,2023,10,Oct
196648,2023-10-13,2282,Phone,Fashion,2.0,686.23,France,1372.46,2023,10,Oct
156062,2023-10-14,2042,Phone,Fashion,2.0,1494.31,France,2988.62,2023,10,Oct
181941,2023-10-15,2197,Headphones,Electronics,1.0,139.51,USA,139.51,2023,10,Oct
122957,2023-10-16,2028,Laptop,Accessories,1.0,10.1,Unknown,10.1,2023,10,Oct
138870,2023-10-17,2127,Headphones,Fashion,1.0,315.79,UK,315.79,2023,10,Oct
190512,2023-10-18,2171,Laptop,Electronics,1.0,132.61,Germany,132.61,2023,10,Oct
129849,2023-10-19,2083,Watch,Accessories,2.0,1339.04,Nigeria,2678.08,2023,10,Oct
168727,2023-10-20,2062,Laptop,Electronics,2.0,752.77,Germany,1505.54,2023,10,Oct
142661,2023-10-21,2202,Shoes,Electronics,2.0,1192.17,Nigeria,2384.34,2023,10,Oct
140831,2023-10-22,2137,Phone,Electronics,2.0,1374.48,UK,2748.96,2023,10,Oct
139308,2023-10-23,2219,Laptop,Electronics,2.0,1432.89,UK,2865.78,2023,10,Oct
103418,2023-10-24,2227,Laptop,Fashion,1.0,471.99,Germany,471.99,2023,10,Oct
131739,2023-10-26,2031,Watch,Electronics,1.0,897.45,USA,897.45,2023,10,Oct
141790,2023-10-28,2021,Phone,Electronics,1.0,1349.85,UK,1349.85,2023,10,Oct
196455,2023-10-29,2225,Headphones,Accessories,3.0,669.03,UK,2007.09,2023,10,Oct
185125,2023-10-30,2297,Unknown,Electronics,2.0,1486.88,UK,2973.76,2023,10,Oct
121674,2023-10-31,2169,Headphones,Fashion,3.0,1121.92,USA,3365.76,2023,10,Oct
171818,2023-11-01,2250,Watch,Electronics,1.0,1304.42,Germany,1304.42,2023,11,Nov
101337,2023-11-02,2151,Phone,Accessories,1.0,897.23,Germany,897.23,2023,11,Nov
136315,2023-11-03,2253,Headphones,Unknown,2.0,1105.56,USA,2211.12,2023,11,Nov
113657,2023-11-04,2232,Watch,Fashion,2.0,1305.76,UK,2611.52,2023,11,Nov
182307,2023-11-05,2279,Bag,Electronics,3.0,1187.76,France,3563.2799999999997,2023,11,Nov
105245,2023-11-06,2122,Phone,Electronics,4.0,822.3,Nigeria,3289.2,2023,11,Nov
127342,2023-11-07,2041,Phone,Electronics,2.0,1378.73,UK,2757.46,2023,11,Nov
103922,2023-11-08,2237,Shoes,Unknown,2.0,310.44,Germany,620.88,2023,11,Nov
101221,2023-11-09,2143,Unknown,Electronics,2.0,365.95,UK,731.9,2023,11,Nov
146778,2023-11-10,2036,Laptop,Accessories,3.0,965.83,Unknown,2897.4900000000002,2023,11,Nov
101924,2023-11-11,2094,Bag,Fashion,1.0,1299.36,Nigeria,1299.36,2023,11,Nov
108901,2023-11-13,2254,Watch,Electronics,3.0,879.5,USA,2638.5,2023,11,Nov
141407,2023-11-14,2000,Watch,Fashion,1.0,1290.1,USA,1290.1,2023,11,Nov
174392,2023-11-16,2067,Unknown,Fashion,1.0,518.08,France,518.08,2023,11,Nov
120099,2023-11-17,2287,Unknown,Electronics,1.0,1319.22,USA,1319.22,2023,11,Nov
194533,2023-11-18,2285,Phone,Fashion,2.0,1401.78,USA,2803.56,2023,11,Nov
174152,2023-11-19,2016,Unknown,Fashion,3.0,976.49,UK,2929.4700000000003,2023,11,Nov
137028,2023-11-20,2282,Unknown,Electronics,1.0,1324.22,Unknown,1324.22,2023,11,Nov
103511,2023-11-21,2262,Shoes,Accessories,2.0,489.74,USA,979.48,2023,11,Nov
176440,2023-11-22,2233,Bag,Accessories,2.0,869.15,UK,1738.3,2023,11,Nov
166209,2023-11-23,2267,Headphones,Electronics,4.0,1104.21,UK,4416.84,2023,11,Nov
134706,2023-11-24,2299,Bag,Electronics,3.0,582.14,Germany,1746.42,2023,11,Nov
145518,2023-11-25,2020,Shoes,Electronics,1.0,769.09,Germany,769.09,2023,11,Nov
125329,2023-11-26,2119,Bag,Accessories,1.0,1499.72,France,1499.72,2023,11,Nov
172839,2023-11-27,2270,Phone,Electronics,2.0,404.31,Unknown,808.62,2023,11,Nov
129419,2023-11-28,2270,Watch,Unknown,2.0,320.33,UK,640.66,2023,11,Nov
197268,2023-11-29,2080,Bag,Fashion,4.0,274.59,Unknown,1098.36,2023,11,Nov
143647,2023-11-30,2230,Shoes,Electronics,1.0,356.23,Germany,356.23,2023,11,Nov
131649,2023-12-01,2043,Phone,Electronics,2.0,398.09,USA,796.18,2023,12,Dec
154429,2023-12-02,2155,Laptop,Fashion,3.0,646.85,Germany,1940.5500000000002,2023,12,Dec
193708,2023-12-03,2215,Headphones,Accessories,1.0,1136.71,UK,1136.71,2023,12,Dec
161046,2023-12-04,2023,Laptop,Fashion,2.0,806.87,Germany,1613.74,2023,12,Dec
142798,2023-12-05,2290,Bag,Electronics,2.0,1277.02,UK,2554.04,2023,12,Dec
160278,2023-12-06,2288,Unknown,Fashion,3.0,10.31,Nigeria,30.93,2023,12,Dec
128960,2023-12-07,2278,Watch,Fashion,2.0,1410.5,UK,2821.0,2023,12,Dec
140738,2023-12-08,2277,Phone,Electronics,3.0,259.92,USA,779.76,2023,12,Dec
171255,2023-12-09,2068,Laptop,Electronics,4.0,601.14,USA,2404.56,2023,12,Dec
194617,2023-12-11,2273,Bag,Fashion,3.0,969.77,Nigeria,2909.31,2023,12,Dec
127822,2023-12-12,2136,Phone,Fashion,1.0,179.51,Germany,179.51,2023,12,Dec
110738,2023-12-13,2261,Bag,Fashion,2.0,1371.1,UK,2742.2,2023,12,Dec
132308,2023-12-14,2225,Shoes,Fashion,3.0,1277.57,France,3832.71,2023,12,Dec
112910,2023-12-15,2250,Headphones,Electronics,1.0,632.57,France,632.57,2023,12,Dec
138464,2023-12-16,2082,Bag,Electronics,3.0,551.42,Nigeria,1654.2599999999998,2023,12,Dec
103404,2023-12-17,2266,Unknown,Electronics,2.0,1100.63,Nigeria,2201.26,2023,12,Dec
161302,2023-12-18,2062,Laptop,Accessories,1.0,853.4,UK,853.4,2023,12,Dec
137010,2023-12-20,2139,Phone,Accessories,1.0,64.45,Unknown,64.45,2023,12,Dec
150951,2023-12-21,2158,Laptop,Fashion,3.0,1199.49,USA,3598.4700000000003,2023,12,Dec
135459,2023-12-22,2058,Laptop,Electronics,2.0,616.08,USA,1232.16,2023,12,Dec
127724,2023-12-23,2042,Shoes,Fashion,1.0,201.04,France,201.04,2023,12,Dec
171973,2023-12-24,2153,Laptop,Fashion,2.0,1340.04,France,2680.08,2023,12,Dec
112404,2023-12-25,2118,Laptop,Fashion,3.0,1088.84,USA,3266.5199999999995,2023,12,Dec
142477,2023-12-26,2025,Phone,Electronics,1.0,563.91,Germany,563.91,2023,12,Dec
175312,2023-12-27,2173,Headphones,Fashion,1.0,206.57,USA,206.57,2023,12,Dec
139021,2023-12-28,2131,Shoes,Electronics,1.0,80.14,USA,80.14,2023,12,Dec
110194,2023-12-29,2249,Unknown,Electronics,3.0,962.34,Germany,2887.02,2023,12,Dec
175955,2023-12-30,2037,Headphones,Fashion,1.0,940.61,UK,940.61,2023,12,Dec
143569,2023-12-31,2161,Laptop,Accessories,4.0,1113.91,UK,4455.64,2023,12,Dec
144465,2024-01-01,2217,Phone,Electronics,3.0,973.44,Unknown,2920.32,2024,1,Jan
185998,2024-01-02,2007,Unknown,Electronics,1.0,677.07,USA,677.07,2024,1,Jan
108266,2024-01-03,2165,Shoes,Fashion,2.0,177.27,Germany,354.54,2024,1,Jan
197876,2024-01-04,2084,Headphones,Fashion,2.0,559.9,Germany,1119.8,2024,1,Jan
188554,2024-01-05,2272,Watch,Electronics,3.0,914.66,France,2743.98,2024,1,Jan
138775,2024-01-06,2173,Phone,Electronics,3.0,789.94,France,2369.82,2024,1,Jan
169140,2024-01-07,2167,Watch,Electronics,1.0,441.75,USA,441.75,2024,1,Jan
168816,2024-01-08,2033,Laptop,Electronics,2.0,357.46,Unknown,714.92,2024,1,Jan
105162,2024-01-09,2201,Unknown,Electronics,1.0,460.73,UK,460.73,2024,1,Jan
134202,2024-01-11,2280,Phone,Electronics,1.0,1031.11,France,1031.11,2024,1,Jan
106448,2024-01-13,2255,Headphones,Fashion,4.0,459.14,UK,1836.56,2024,1,Jan
147042,2024-01-14,2060,Phone,Electronics,1.0,807.68,France,807.68,2024,1,Jan
126214,2024-01-15,2216,Phone,Electronics,2.0,927.65,France,1855.3,2024,1,Jan
125353,2024-01-16,2061,Shoes,Unknown,4.0,19.78,USA,79.12,2024,1,Jan
107426,2024-01-17,2187,Headphones,Fashion,1.0,1047.09,UK,1047.09,2024,1,Jan
195977,2024-01-19,2285,Shoes,Accessories,3.0,664.3,UK,1992.8999999999999,2024,1,Jan
190997,2024-01-20,2239,Phone,Fashion,2.0,873.25,Nigeria,1746.5,2024,1,Jan
100612,2024-01-21,2028,Phone,Accessories,1.0,758.31,Germany,758.31,2024,1,Jan
169722,2024-01-22,2152,Bag,Electronics,2.0,27.23,Nigeria,54.46,2024,1,Jan
191204,2024-01-23,2149,Shoes,Accessories,4.0,178.36,USA,713.44,2024,1,Jan
157961,2024-01-24,2262,Laptop,Fashion,4.0,920.01,France,3680.04,2024,1,Jan
142506,2024-01-25,2084,Shoes,Electronics,3.0,425.0,France,1275.0,2024,1,Jan
186028,2024-01-26,2277,Laptop,Electronics,2.0,38.45,UK,76.9,2024,1,Jan
154888,2024-01-27,2119,Watch,Fashion,2.0,1334.74,UK,2669.48,2024,1,Jan
143233,2024-01-28,2283,Laptop,Electronics,1.0,1374.37,Unknown,1374.37,2024,1,Jan
127045,2024-01-29,2293,Bag,Electronics,3.0,868.17,Germany,2604.5099999999998,2024,1,Jan
120647,2024-01-30,2007,Watch,Electronics,1.0,695.47,UK,695.47,2024,1,Jan
109120,2024-01-31,2139,Laptop,Fashion,2.0,215.0,UK,430.0,2024,1,Jan
158746,2024-02-01,2005,Shoes,Electronics,1.0,1396.0,Germany,1396.0,2024,2,Feb
174650,2024-02-02,2273,Unknown,Fashion,1.0,1040.73,France,1040.73,2024,2,Feb
165635,2024-02-03,2250,Phone,Electronics,1.0,570.46,Unknown,570.46,2024,2,Feb
156537,2024-02-04,2078,Phone,Electronics,2.0,387.26,USA,774.52,2024,2,Feb
167890,2024-02-05,2081,Headphones,Electronics,1.0,565.47,France,565.47,2024,2,Feb
155060,2024-02-06,2233,Unknown,Fashion,2.0,1389.94,France,2779.88,2024,2,Feb
145790,2024-02-07,2110,Watch,Electronics,4.0,328.71,Germany,1314.84,2024,2,Feb
165180,2024-02-08,2108,Phone,Fashion,1.0,341.18,USA,341.18,2024,2,Feb
101608,2024-02-09,2030,Phone,Electronics,1.0,631.04,France,631.04,2024,2,Feb
130105,2024-02-11,2128,Headphones,Electronics,2.0,668.48,USA,1336.96,2024,2,Feb
191032,2024-02-12,2172,Watch,Electronics,1.0,906.79,UK,906.79,2024,2,Feb
173255,2024-02-13,2236,Phone,Fashion,3.0,1340.94,UK,4022.82,2024,2,Feb
111498,2024-02-14,2115,Shoes,Unknown,2.0,1408.39,France,2816.78,2024,2,Feb
179483,2024-02-15,2254,Headphones,Unknown,1.0,1411.03,Nigeria,1411.03,2024,2,Feb
130360,2024-02-16,2000,Shoes,Fashion,2.0,13.29,UK,26.58,2024,2,Feb
111922,2024-02-17,2273,Headphones,Electronics,3.0,1285.21,USA,3855.63,2024,2,Feb
165219,2024-02-18,2091,Bag,Electronics,4.0,874.93,Germany,3499.72,2024,2,Feb
148851,2024-02-19,2228,Phone,Fashion,2.0,604.79,UK,1209.58,2024,2,Feb
159693,2024-02-20,2187,Bag,Electronics,2.0,964.24,Germany,1928.48,2024,2,Feb
181920,2024-02-21,2021,Unknown,Fashion,2.0,856.33,USA,1712.66,2024,2,Feb
159530,2024-02-22,2063,Shoes,Electronics,2.0,311.25,UK,622.5,2024,2,Feb
163366,2024-02-23,2222,Shoes,Unknown,1.0,131.65,France,131.65,2024,2,Feb
146947,2024-02-24,2101,Shoes,Fashion,1.0,292.39,UK,292.39,2024,2,Feb
143449,2024-02-25,2145,Headphones,Accessories,1.0,345.06,UK,345.06,2024,2,Feb
152115,2024-02-26,2038,Phone,Electronics,1.0,887.09,USA,887.09,2024,2,Feb
158530,2024-02-27,2207,Bag,Unknown,3.0,427.52,Nigeria,1282.56,2024,2,Feb
102098,2024-02-28,2143,Shoes,Unknown,1.0,791.71,Germany,791.71,2024,2,Feb
137734,2024-02-29,2214,Shoes,Electronics,4.0,679.87,UK,2719.48,2024,2,Feb
167604,2024-03-01,2237,Phone,Fashion,1.0,811.57,USA,811.57,2024,3,Mar
172363,2024-03-02,2017,Headphones,Accessories,2.0,283.05,Germany,566.1,2024,3,Mar
112918,2024-03-03,2236,Headphones,Electronics,1.0,1283.79,USA,1283.79,2024,3,Mar
138372,2024-03-04,2114,Bag,Fashion,4.0,1105.13,Germany,4420.52,2024,3,Mar
122893,2024-03-05,2175,Bag,Electronics,1.0,120.36,France,120.36,2024,3,Mar
177929,2024-03-06,2194,Phone,Fashion,3.0,1336.15,USA,4008.4500000000003,2024,3,Mar
140642,2024-03-07,2267,Shoes,Electronics,3.0,521.57,UK,1564.71,2024,3,Mar
189740,2024-03-08,2296,Headphones,Electronics,3.0,1455.47,France,4366.41,2024,3,Mar
185110,2024-03-09,2047,Headphones,Electronics,2.0,1149.61,UK,2299.22,2024,3,Mar
114881,2024-03-10,2260,Laptop,Electronics,3.0,823.44,Germany,2470.32,2024,3,Mar
192311,2024-03-11,2254,Shoes,Fashion,2.0,1239.27,Nigeria,2478.54,2024,3,Mar
136741,2024-03-12,2134,Watch,Electronics,3.0,1351.0,USA,4053.0,2024,3,Mar
131782,2024-03-13,2200,Unknown,Electronics,3.0,328.93,UK,986.79,2024,3,Mar
161185,2024-03-14,2229,Phone,Unknown,1.0,781.92,USA,781.92,2024,3,Mar
165802,2024-03-15,2018,Phone,Fashion,3.0,740.66,USA,2221.98,2024,3,Mar
144038,2024-03-16,2002,Unknown,Unknown,1.0,1196.21,Unknown,1196.21,2024,3,Mar
198173,2024-03-17,2197,Bag,Unknown,2.0,1436.05,Germany,2872.1,2024,3,Mar
170918,2024-03-18,2221,Phone,Electronics,1.0,756.06,Nigeria,756.06,2024,3,Mar
141574,2024-03-19,2229,Laptop,Accessories,3.0,842.9,Germany,2528.7,2024,3,Mar
194118,2024-03-20,2100,Phone,Electronics,4.0,637.71,France,2550.84,2024,3,Mar
145387,2024-03-21,2157,Unknown,Fashion,1.0,749.78,USA,749.78,2024,3,Mar
162834,2024-03-22,2155,Headphones,Electronics,2.0,802.49,UK,1604.98,2024,3,Mar
193566,2024-03-23,2145,Phone,Electronics,3.0,1138.41,UK,3415.2300000000005,2024,3,Mar
184338,2024-03-24,2003,Phone,Fashion,4.0,1476.62,USA,5906.48,2024,3,Mar
188754,2024-03-25,2112,Phone,Accessories,3.0,1239.43,Nigeria,3718.29,2024,3,Mar
198099,2024-03-26,2011,Shoes,Unknown,1.0,1426.98,USA,1426.98,2024,3,Mar
127906,2024-03-27,2143,Phone,Electronics,3.0,224.19,USA,672.5699999999999,2024,3,Mar
108819,2024-03-29,2157,Headphones,Accessories,2.0,598.3,USA,1196.6,2024,3,Mar
191080,2024-03-30,2067,Phone,Electronics,3.0,638.23,UK,1914.69,2024,3,Mar
104485,2024-03-31,2056,Unknown,Fashion,2.0,1440.03,Unknown,2880.06,2024,3,Mar
188692,2024-04-01,2203,Headphones,Unknown,3.0,1146.72,Germany,3440.16,2024,4,Apr
157525,2024-04-02,2079,Headphones,Accessories,1.0,1427.94,Germany,1427.94,2024,4,Apr
135051,2024-04-03,2090,Headphones,Electronics,2.0,516.93,USA,1033.86,2024,4,Apr
196847,2024-04-05,2225,Unknown,Fashion,4.0,1324.62,France,5298.48,2024,4,Apr
111326,2024-04-06,2011,Headphones,Unknown,2.0,501.26,USA,1002.52,2024,4,Apr
126956,2024-04-07,2133,Shoes,Fashion,2.0,264.54,Germany,529.08,2024,4,Apr
147663,2024-04-08,2186,Phone,Fashion,1.0,397.61,UK,397.61,2024,4,Apr
188652,2024-04-09,2068,Headphones,Electronics,2.0,401.55,USA,803.1,2024,4,Apr
195893,2024-04-10,2032,Unknown,Electronics,2.0,1350.0,UK,2700.0,2024,4,Apr
179634,2024-04-12,2171,Bag,Electronics,4.0,825.88,USA,3303.52,2024,4,Apr
147449,2024-04-13,2125,Headphones,Electronics,2.0,821.89,UK,1643.78,2024,4,Apr
190637,2024-04-14,2045,Phone,Fashion,3.0,246.74,Nigeria,740.22,2024,4,Apr
136444,2024-04-15,2285,Bag,Fashion,1.0,499.99,USA,499.99,2024,4,Apr
153484,2024-04-16,2250,Phone,Accessories,4.0,316.13,France,1264.52,2024,4,Apr
175881,2024-04-17,2155,Phone,Fashion,1.0,629.41,USA,629.41,2024,4,Apr
144550,2024-04-19,2283,Phone,Accessories,2.0,256.2,Unknown,512.4,2024,4,Apr
185552,2024-04-20,2029,Bag,Electronics,4.0,1229.13,USA,4916.52,2024,4,Apr
126152,2024-04-21,2126,Bag,Electronics,1.0,715.64,USA,715.64,2024,4,Apr
172862,2024-04-22,2072,Laptop,Fashion,1.0,321.16,UK,321.16,2024,4,Apr
107557,2024-04-23,2075,Bag,Unknown,4.0,936.1,USA,3744.4,2024,4,Apr
177285,2024-04-24,2097,Phone,Accessories,2.0,54.09,USA,108.18,2024,4,Apr
144069,2024-04-25,2206,Phone,Fashion,3.0,689.05,Germany,2067.1499999999996,2024,4,Apr
197851,2024-04-26,2038,Bag,Electronics,1.0,100.68,UK,100.68,2024,4,Apr
181521,2024-04-27,2267,Watch,Fashion,1.0,1054.74,Germany,1054.74,2024,4,Apr
112383,2024-04-28,2246,Shoes,Electronics,2.0,806.65,UK,1613.3,2024,4,Apr
147456,2024-04-29,2032,Unknown,Fashion,3.0,923.74,Nigeria,2771.2200000000003,2024,4,Apr
135312,2024-04-30,2178,Bag,Accessories,2.0,129.74,France,259.48,2024,4,Apr
147312,2024-05-01,2040,Watch,Fashion,3.0,342.59,France,1027.77,2024,5,May
171968,2024-05-02,2198,Shoes,Fashion,1.0,629.68,USA,629.68,2024,5,May
132830,2024-05-03,2286,Watch,Electronics,4.0,1252.58,USA,5010.32,2024,5,May
127018,2024-05-04,2150,Laptop,Electronics,3.0,788.73,USA,2366.19,2024,5,May
159788,2024-05-05,2123,Headphones,Accessories,3.0,642.49,Germany,1927.47,2024,5,May
130301,2024-05-06,2075,Phone,Fashion,2.0,507.08,Nigeria,1014.16,2024,5,May
195645,2024-05-08,2063,Laptop,Electronics,4.0,75.27,UK,301.08,2024,5,May
167559,2024-05-09,2260,Headphones,Electronics,1.0,362.12,UK,362.12,2024,5,May
173878,2024-05-10,2177,Headphones,Fashion,1.0,433.35,USA,433.35,2024,5,May
118821,2024-05-11,2157,Unknown,Fashion,2.0,1182.97,USA,2365.94,2024,5,May
135620,2024-05-12,2191,Unknown,Fashion,1.0,1201.68,Germany,1201.68,2024,5,May
129267,2024-05-13,2091,Laptop,Fashion,3.0,568.51,Nigeria,1705.53,2024,5,May
149279,2024-05-14,2111,Phone,Fashion,2.0,42.56,Germany,85.12,2024,5,May
199812,2024-05-15,2211,Laptop,Electronics,2.0,709.36,Germany,1418.72,2024,5,May
115708,2024-05-16,2090,Watch,Fashion,2.0,1348.35,France,2696.7,2024,5,May
144785,2024-05-17,2026,Shoes,Electronics,2.0,1095.68,Nigeria,2191.36,2024,5,May
191219,2024-05-18,2073,Phone,Fashion,4.0,119.6,UK,478.4,2024,5,May
134790,2024-05-19,2223,Watch,Unknown,3.0,1020.1,USA,3060.3,2024,5,May
125735,2024-05-20,2273,Laptop,Electronics,1.0,888.15,USA,888.15,2024,5,May
185172,2024-05-21,2199,Watch,Electronics,2.0,1275.19,France,2550.38,2024,5,May
100592,2024-05-22,2291,Laptop,Electronics,2.0,710.53,France,1421.06,2024,5,May
188477,2024-05-23,2201,Headphones,Fashion,1.0,369.37,UK,369.37,2024,5,May
120183,2024-05-25,2048,Shoes,Unknown,1.0,1148.6,France,1148.6,2024,5,May
196975,2024-05-26,2117,Shoes,Fashion,3.0,989.03,Nigeria,2967.09,2024,5,May
165354,2024-05-27,2067,Headphones,Fashion,1.0,46.56,Germany,46.56,2024,5,May
165276,2024-05-28,2123,Unknown,Accessories,2.0,616.0,Nigeria,1232.0,2024,5,May
137437,2024-05-29,2199,Headphones,Electronics,1.0,213.27,Nigeria,213.27,2024,5,May
111408,2024-05-30,2293,Headphones,Accessories,4.0,695.21,France,2780.84,2024,5,May
110096,2024-05-31,2005,Shoes,Unknown,1.0,1355.46,Germany,1355.46,2024,5,May
142441,2024-06-01,2097,Laptop,Fashion,1.0,272.99,USA,272.99,2024,6,Jun
158085,2024-06-03,2038,Shoes,Fashion,3.0,500.93,UK,1502.79,2024,6,Jun
140703,2024-06-04,2049,Bag,Fashion,1.0,51.03,Nigeria,51.03,2024,6,Jun
199128,2024-06-05,2264,Unknown,Fashion,2.0,247.97,Germany,495.94,2024,6,Jun
162782,2024-06-06,2122,Shoes,Fashion,2.0,659.54,UK,1319.08,2024,6,Jun
188624,2024-06-07,2193,Laptop,Fashion,2.0,1196.9,France,2393.8,2024,6,Jun
121649,2024-06-08,2062,Laptop,Electronics,2.0,389.43,France,778.86,2024,6,Jun
159253,2024-06-09,2016,Shoes,Accessories,3.0,927.82,France,2783.46,2024,6,Jun
136361,2024-06-10,2189,Laptop,Fashion,4.0,594.51,Unknown,2378.04,2024,6,Jun
145548,2024-06-11,2194,Laptop,Electronics,1.0,863.73,UK,863.73,2024,6,Jun
154462,2024-06-12,2267,Headphones,Electronics,1.0,670.66,Nigeria,670.66,2024,6,Jun
126703,2024-06-13,2020,Unknown,Fashion,3.0,1121.08,USA,3363.24,2024,6,Jun
156526,2024-06-14,2100,Shoes,Fashion,3.0,535.76,France,1607.28,2024,6,Jun
124993,2024-06-15,2270,Watch,Electronics,1.0,1435.57,UK,1435.57,2024,6,Jun
159268,2024-06-16,2120,Headphones,Fashion,2.0,763.06,Germany,1526.12,2024,6,Jun
127536,2024-06-17,2052,Unknown,Electronics,4.0,269.82,UK,1079.28,2024,6,Jun
135044,2024-06-18,2157,Laptop,Electronics,1.0,999.26,Germany,999.26,2024,6,Jun
167399,2024-06-19,2270,Bag,Fashion,1.0,586.58,Germany,586.58,2024,6,Jun
156638,2024-06-20,2114,Unknown,Electronics,2.0,82.76,USA,165.52,2024,6,Jun
165371,2024-06-21,2238,Headphones,Fashion,2.0,482.6,USA,965.2,2024,6,Jun
173735,2024-06-22,2032,Phone,Electronics,1.0,1273.3,USA,1273.3,2024,6,Jun
139421,2024-06-23,2249,Bag,Fashion,3.0,727.63,Germany,2182.89,2024,6,Jun
141750,2024-06-24,2262,Headphones,Electronics,4.0,613.02,USA,2452.08,2024,6,Jun
134658,2024-06-25,2201,Phone,Accessories,2.0,1369.14,Unknown,2738.28,2024,6,Jun
159126,2024-06-27,2065,Headphones,Fashion,2.0,527.97,USA,1055.94,2024,6,Jun
115919,2024-06-30,2296,Bag,Fashion,4.0,486.27,USA,1945.08,2024,6,Jun
153743,2024-07-01,2188,Watch,Electronics,2.0,910.29,USA,1820.58,2024,7,Jul
133394,2024-07-02,2036,Bag,Fashion,3.0,1470.79,France,4412.37,2024,7,Jul
114859,2024-07-03,2062,Headphones,Electronics,2.0,579.89,Nigeria,1159.78,2024,7,Jul
155255,2024-07-04,2076,Phone,Fashion,2.0,82.21,UK,164.42,2024,7,Jul
125374,2024-07-06,2001,Laptop,Accessories,2.0,338.36,UK,676.72,2024,7,Jul
167674,2024-07-07,2212,Shoes,Fashion,2.0,513.92,USA,1027.84,2024,7,Jul
131010,2024-07-08,2205,Unknown,Fashion,3.0,763.5,Unknown,2290.5,2024,7,Jul
192726,2024-07-09,2090,Headphones,Fashion,2.0,114.33,UK,228.66,2024,7,Jul
191985,2024-07-10,2112,Bag,Accessories,4.0,142.3,Germany,569.2,2024,7,Jul
123203,2024-07-11,2107,Unknown,Fashion,2.0,845.48,USA,1690.96,2024,7,Jul
139789,2024-07-12,2149,Laptop,Fashion,2.0,1304.22,Unknown,2608.44,2024,7,Jul
112912,2024-07-13,2078,Shoes,Electronics,4.0,700.78,Germany,2803.12,2024,7,Jul
137285,2024-07-14,2269,Shoes,Fashion,2.0,282.92,Germany,565.84,2024,7,Jul
129764,2024-07-15,2067,Headphones,Electronics,3.0,1392.02,Nigeria,4176.0599999999995,2024,7,Jul
174165,2024-07-16,2261,Shoes,Unknown,1.0,969.45,USA,969.45,2024,7,Jul
127661,2024-07-17,2026,Headphones,Electronics,4.0,950.62,USA,3802.48,2024,7,Jul
155397,2024-07-18,2191,Laptop,Electronics,2.0,1197.08,USA,2394.16,2024,7,Jul
129459,2024-07-19,2237,Phone,Fashion,1.0,776.26,Unknown,776.26,2024,7,Jul
144296,2024-07-20,2013,Laptop,Fashion,1.0,1346.85,UK,1346.85,2024,7,Jul
107008,2024-07-21,2056,Watch,Electronics,3.0,457.13,USA,1371.3899999999999,2024,7,Jul
129893,2024-07-23,2017,Phone,Electronics,3.0,322.6,Nigeria,967.8000000000001,2024,7,Jul
127004,2024-07-24,2214,Watch,Electronics,4.0,245.56,Unknown,982.24,2024,7,Jul
173828,2024-07-25,2220,Unknown,Fashion,1.0,428.36,France,428.36,2024,7,Jul
166945,2024-07-26,2205,Phone,Electronics,3.0,440.39,Nigeria,1321.17,2024,7,Jul
199069,2024-07-27,2282,Bag,Accessories,3.0,711.5,Germany,2134.5,2024,7,Jul
187197,2024-07-28,2273,Laptop,Fashion,4.0,170.05,UK,680.2,2024,7,Jul
170533,2024-07-29,2196,Unknown,Accessories,3.0,1340.66,France,4021.9800000000005,2024,7,Jul
124528,2024-07-30,2043,Phone,Fashion,3.0,1436.26,Nigeria,4308.78,2024,7,Jul
153478,2024-07-31,2222,Phone,Unknown,1.0,197.19,Germany,197.19,2024,7,Jul
145560,2024-08-01,2125,Laptop,Electronics,1.0,956.64,France,956.64,2024,8,Aug
171592,2024-08-02,2186,Bag,Fashion,2.0,952.66,France,1905.32,2024,8,Aug
168246,2024-08-03,2283,Phone,Fashion,1.0,436.91,USA,436.91,2024,8,Aug
185022,2024-08-04,2006,Shoes,Fashion,2.0,1349.2,France,2698.4,2024,8,Aug
114591,2024-08-05,2181,Unknown,Fashion,3.0,983.83,France,2951.4900000000002,2024,8,Aug
123059,2024-08-06,2026,Laptop,Electronics,1.0,384.57,Germany,384.57,2024,8,Aug
142756,2024-08-07,2123,Shoes,Electronics,2.0,889.58,UK,1779.16,2024,8,Aug
172554,2024-08-08,2203,Phone,Accessories,2.0,447.57,USA,895.14,2024,8,Aug
184554,2024-08-09,2293,Shoes,Electronics,1.0,241.09,Germany,241.09,2024,8,Aug
132891,2024-08-10,2093,Watch,Accessories,2.0,524.63,Nigeria,1049.26,2024,8,Aug
131958,2024-08-11,2020,Bag,Fashion,2.0,809.65,USA,1619.3,2024,8,Aug
160133,2024-08-13,2151,Bag,Unknown,2.0,1251.93,UK,2503.86,2024,8,Aug
195482,2024-08-14,2185,Shoes,Electronics,1.0,1009.74,UK,1009.74,2024,8,Aug
118013,2024-08-15,2137,Laptop,Electronics,2.0,451.87,France,903.74,2024,8,Aug
129353,2024-08-16,2128,Laptop,Fashion,4.0,501.63,Germany,2006.52,2024,8,Aug
171208,2024-08-17,2102,Phone,Fashion,2.0,835.27,Unknown,1670.54,2024,8,Aug
159580,2024-08-18,2050,Headphones,Electronics,3.0,1265.75,Germany,3797.25,2024,8,Aug
109425,2024-08-19,2038,Watch,Accessories,1.0,787.16,USA,787.16,2024,8,Aug
129363,2024-08-20,2252,Shoes,Accessories,1.0,1142.46,USA,1142.46,2024,8,Aug
134088,2024-08-21,2037,Shoes,Fashion,1.0,857.79,USA,857.79,2024,8,Aug
109694,2024-08-22,2133,Unknown,Fashion,1.0,968.92,UK,968.92,2024,8,Aug
140542,2024-08-23,2059,Shoes,Fashion,3.0,1285.26,Germany,3855.7799999999997,2024,8,Aug
144709,2024-08-24,2287,Shoes,Fashion,2.0,661.33,USA,1322.66,2024,8,Aug
153630,2024-08-25,2203,Watch,Accessories,1.0,1047.83,USA,1047.83,2024,8,Aug
197552,2024-08-26,2145,Phone,Electronics,1.0,1251.75,France,1251.75,2024,8,Aug
107011,2024-08-27,2031,Watch,Unknown,2.0,974.49,Unknown,1948.98,2024,8,Aug
156487,2024-08-28,2159,Phone,Unknown,2.0,98.21,Germany,196.42,2024,8,Aug
140605,2024-08-29,2084,Phone,Electronics,2.0,731.49,Unknown,1462.98,2024,8,Aug
157852,2024-08-30,2090,Bag,Electronics,1.0,895.29,USA,895.29,2024,8,Aug
119521,2024-08-31,2039,Laptop,Fashion,1.0,437.99,Germany,437.99,2024,8,Aug
134176,2024-09-02,2178,Unknown,Electronics,2.0,1356.48,Germany,2712.96,2024,9,Sep
199415,2024-09-03,2074,Shoes,Electronics,2.0,908.5,Germany,1817.0,2024,9,Sep
121871,2024-09-04,2294,Phone,Accessories,3.0,33.3,Germany,99.89999999999999,2024,9,Sep
192607,2024-09-05,2068,Watch,Unknown,2.0,777.58,UK,1555.16,2024,9,Sep
127034,2024-09-06,2039,Phone,Electronics,4.0,433.22,Germany,1732.88,2024,9,Sep
153977,2024-09-07,2127,Phone,Electronics,2.0,807.73,USA,1615.46,2024,9,Sep
179193,2024-09-08,2207,Unknown,Fashion,3.0,1092.22,France,3276.66,2024,9,Sep
147320,2024-09-09,2013,Laptop,Electronics,2.0,185.36,USA,370.72,2024,9,Sep
150679,2024-09-10,2163,Shoes,Fashion,3.0,56.62,USA,169.85999999999999,2024,9,Sep
191237,2024-09-12,2203,Unknown,Electronics,2.0,267.81,UK,535.62,2024,9,Sep
183241,2024-09-13,2179,Laptop,Fashion,1.0,1301.4,Germany,1301.4,2024,9,Sep
159281,2024-09-14,2162,Shoes,Fashion,2.0,411.11,France,822.22,2024,9,Sep
136720,2024-09-15,2080,Laptop,Electronics,2.0,863.89,USA,1727.78,2024,9,Sep
183054,2024-09-16,2028,Bag,Electronics,1.0,511.23,Unknown,511.23,2024,9,Sep
152677,2024-09-17,2008,Phone,Electronics,1.0,288.55,UK,288.55,2024,9,Sep
102963,2024-09-18,2145,Phone,Fashion,3.0,707.01,USA,2121.0299999999997,2024,9,Sep
146870,2024-09-20,2236,Watch,Electronics,2.0,1156.58,USA,2313.16,2024,9,Sep
160781,2024-09-21,2220,Bag,Fashion,2.0,1084.85,UK,2169.7,2024,9,Sep
115265,2024-09-23,2123,Shoes,Electronics,2.0,370.03,USA,740.06,2024,9,Sep
124455,2024-09-24,2101,Unknown,Fashion,4.0,576.69,USA,2306.76,2024,9,Sep
126743,2024-09-25,2187,Watch,Accessories,3.0,295.37,France,886.11,2024,9,Sep
169914,2024-09-26,2059,Shoes,Fashion,2.0,491.87,Germany,983.74,2024,9,Sep
125136,2024-09-27,2186,Laptop,Unknown,4.0,343.42,USA,1373.68,2024,9,Sep
176999,2024-09-28,2274,Headphones,Electronics,2.0,64.25,France,128.5,2024,9,Sep
145295,2024-09-29,2012,Unknown,Accessories,3.0,1392.94,Germany,4178.82,2024,9,Sep
184662,2024-09-30,2283,Laptop,Fashion,3.0,1161.76,USA,3485.2799999999997,2024,9,Sep
169988,2024-10-01,2010,Laptop,Fashion,3.0,465.26,UK,1395.78,2024,10,Oct
191986,2024-10-02,2272,Laptop,Fashion,1.0,971.42,France,971.42,2024,10,Oct
171166,2024-10-04,2124,Phone,Accessories,1.0,1144.93,France,1144.93,2024,10,Oct
151714,2024-10-05,2262,Unknown,Electronics,1.0,797.93,USA,797.93,2024,10,Oct
144296,2024-10-06,2000,Unknown,Electronics,2.0,198.25,France,396.5,2024,10,Oct
126885,2024-10-07,2007,Phone,Fashion,1.0,583.22,USA,583.22,2024,10,Oct
172614,2024-10-08,2153,Watch,Fashion,1.0,167.71,Germany,167.71,2024,10,Oct
108804,2024-10-09,2067,Headphones,Electronics,4.0,816.05,Unknown,3264.2,2024,10,Oct
186465,2024-10-10,2248,Phone,Fashion,2.0,425.34,USA,850.68,2024,10,Oct
198875,2024-10-11,2213,Shoes,Electronics,4.0,1027.92,Nigeria,4111.68,2024,10,Oct
120132,2024-10-12,2113,Unknown,Fashion,1.0,1391.34,Germany,1391.34,2024,10,Oct
150053,2024-10-13,2246,Laptop,Fashion,2.0,67.67,Germany,135.34,2024,10,Oct
122616,2024-10-15,2111,Laptop,Unknown,2.0,705.64,Unknown,1411.28,2024,10,Oct
181841,2024-10-16,2166,Phone,Fashion,1.0,1088.4,USA,1088.4,2024,10,Oct
138607,2024-10-17,2164,Bag,Electronics,3.0,276.72,USA,830.1600000000001,2024,10,Oct
197620,2024-10-18,2068,Laptop,Accessories,3.0,319.54,Germany,958.6200000000001,2024,10,Oct
122898,2024-10-19,2091,Phone,Accessories,1.0,228.22,Nigeria,228.22,2024,10,Oct
109481,2024-10-20,2269,Shoes,Unknown,3.0,286.17,USA,858.51,2024,10,Oct
164433,2024-10-22,2134,Unknown,Accessories,3.0,1489.25,USA,4467.75,2024,10,Oct
175358,2024-10-24,2098,Shoes,Electronics,2.0,405.68,France,811.36,2024,10,Oct
153123,2024-10-25,2232,Watch,Accessories,2.0,634.94,France,1269.88,2024,10,Oct
120045,2024-10-26,2016,Headphones,Electronics,3.0,1401.57,France,4204.71,2024,10,Oct
101291,2024-10-27,2261,Phone,Electronics,2.0,411.89,USA,823.78,2024,10,Oct
157741,2024-10-28,2040,Watch,Fashion,2.0,524.25,Nigeria,1048.5,2024,10,Oct
135300,2024-10-29,2181,Bag,Unknown,4.0,766.91,USA,3067.64,2024,10,Oct
125754,2024-10-31,2023,Headphones,Electronics,3.0,139.69,USA,419.07,2024,10,Oct
112230,2024-11-01,2251,Phone,Fashion,2.0,282.71,Unknown,565.42,2024,11,Nov
150863,2024-11-02,2235,Laptop,Unknown,2.0,396.49,USA,792.98,2024,11,Nov
130306,2024-11-03,2187,Phone,Fashion,4.0,780.3,USA,3121.2,2024,11,Nov
162997,2024-11-04,2034,Shoes,Fashion,4.0,805.07,USA,3220.28,2024,11,Nov
112180,2024-11-05,2076,Phone,Fashion,4.0,1145.7,France,4582.8,2024,11,Nov
105802,2024-11-06,2017,Unknown,Fashion,4.0,678.36,France,2713.44,2024,11,Nov
108058,2024-11-07,2095,Laptop,Fashion,2.0,1058.25,France,2116.5,2024,11,Nov
117553,2024-11-08,2048,Shoes,Fashion,2.0,1062.84,Unknown,2125.68,2024,11,Nov
120441,2024-11-10,2000,Laptop,Electronics,3.0,498.39,France,1495.17,2024,11,Nov
193428,2024-11-11,2113,Watch,Electronics,3.0,542.7,Nigeria,1628.1000000000001,2024,11,Nov
139381,2024-11-12,2004,Headphones,Fashion,2.0,1045.11,France,2090.22,2024,11,Nov
181508,2024-11-13,2095,Shoes,Electronics,2.0,563.03,USA,1126.06,2024,11,Nov
193380,2024-11-14,2127,Bag,Accessories,1.0,1243.72,Germany,1243.72,2024,11,Nov
171777,2024-11-16,2285,Bag,Electronics,1.0,1043.03,UK,1043.03,2024,11,Nov
118670,2024-11-17,2240,Laptop,Electronics,2.0,237.43,USA,474.86,2024,11,Nov
196659,2024-11-18,2013,Unknown,Fashion,4.0,828.11,USA,3312.44,2024,11,Nov
187051,2024-11-20,2041,Watch,Electronics,1.0,1018.42,Unknown,1018.42,2024,11,Nov
139905,2024-11-21,2204,Bag,Accessories,2.0,844.37,France,1688.74,2024,11,Nov
146617,2024-11-22,2051,Phone,Fashion,1.0,815.59,France,815.59,2024,11,Nov
171007,2024-11-23,2107,Bag,Electronics,1.0,769.74,Nigeria,769.74,2024,11,Nov
114937,2024-11-24,2144,Bag,Accessories,2.0,1169.12,UK,2338.24,2024,11,Nov
112120,2024-11-25,2242,Phone,Accessories,1.0,406.59,Nigeria,406.59,2024,11,Nov
136915,2024-11-28,2114,Phone,Accessories,4.0,202.16,Nigeria,808.64,2024,11,Nov
154019,2024-11-29,2132,Unknown,Electronics,2.0,969.39,Nigeria,1938.78,2024,11,Nov
107802,2024-12-01,2069,Bag,Electronics,1.0,946.23,UK,946.23,2024,12,Dec
154685,2024-12-02,2272,Shoes,Electronics,3.0,107.59,Unknown,322.77,2024,12,Dec
129442,2024-12-03,2272,Headphones,Fashion,2.0,1160.04,Germany,2320.08,2024,12,Dec
166181,2024-12-04,2266,Watch,Fashion,4.0,776.77,France,3107.08,2024,12,Dec
104039,2024-12-05,2005,Bag,Unknown,2.0,363.92,UK,727.84,2024,12,Dec
109635,2024-12-07,2166,Shoes,Electronics,4.0,626.81,Germany,2507.24,2024,12,Dec
121863,2024-12-09,2094,Shoes,Electronics,2.0,746.06,USA,1492.12,2024,12,Dec
188327,2024-12-10,2287,Watch,Fashion,3.0,58.79,USA,176.37,2024,12,Dec
177158,2024-12-12,2277,Bag,Accessories,1.0,1068.52,UK,1068.52,2024,12,Dec
166297,2024-12-13,2055,Headphones,Electronics,2.0,972.36,UK,1944.72,2024,12,Dec
174675,2024-12-14,2108,Shoes,Unknown,2.0,1372.44,USA,2744.88,2024,12,Dec
120381,2024-12-15,2031,Laptop,Electronics,3.0,503.0,Germany,1509.0,2024,12,Dec
133393,2024-12-16,2083,Phone,Electronics,2.0,345.91,UK,691.82,2024,12,Dec
159843,2024-12-17,2066,Watch,Electronics,2.0,767.87,USA,1535.74,2024,12,Dec
177690,2024-12-18,2147,Phone,Electronics,2.0,1211.24,Germany,2422.48,2024,12,Dec
165112,2024-12-20,2275,Shoes,Electronics,1.0,640.01,USA,640.01,2024,12,Dec
102555,2024-12-21,2295,Bag,Accessories,1.0,255.52,USA,255.52,2024,12,Dec
181148,2024-12-22,2061,Phone,Electronics,1.0,257.77,France,257.77,2024,12,Dec
153752,2024-12-23,2097,Laptop,Fashion,2.0,657.95,UK,1315.9,2024,12,Dec
196068,2024-12-24,2244,Watch,Fashion,2.0,1346.54,Germany,2693.08,2024,12,Dec
160533,2024-12-25,2236,Bag,Fashion,4.0,640.51,Germany,2562.04,2024,12,Dec
114707,2024-12-26,2222,Bag,Fashion,1.0,1402.6,USA,1402.6,2024,12,Dec
132214,2024-12-27,2122,Phone,Electronics,2.0,705.38,Germany,1410.76,2024,12,Dec
196605,2024-12-29,2204,Headphones,Electronics,1.0,395.56,Nigeria,395.56,2024,12,Dec
113195,2024-12-30,2080,Shoes,Fashion,1.0,22.82,Germany,22.82,2024,12,Dec
173298,2024-12-31,2134,Unknown,Fashion,2.0,302.32,USA,604.64,2024,12,Dec
161401,2025-01-01,2158,Unknown,Unknown,1.0,693.87,Unknown,693.87,2025,1,Jan
136076,2025-01-02,2076,Laptop,Fashion,3.0,714.78,UK,2144.34,2025,1,Jan
194211,2025-01-03,2181,Phone,Electronics,1.0,1486.12,France,1486.12,2025,1,Jan
198469,2025-01-04,2090,Watch,Unknown,1.0,213.3,USA,213.3,2025,1,Jan
134183,2025-01-05,2134,Laptop,Electronics,2.0,882.26,USA,1764.52,2025,1,Jan
150973,2025-01-06,2120,Unknown,Fashion,2.0,172.66,USA,345.32,2025,1,Jan
176745,2025-01-07,2130,Bag,Electronics,2.0,532.38,USA,1064.76,2025,1,Jan
197040,2025-01-08,2154,Laptop,Fashion,3.0,987.93,USA,2963.79,2025,1,Jan
107228,2025-01-09,2238,Bag,Unknown,2.0,856.93,Unknown,1713.86,2025,1,Jan
160027,2025-01-10,2281,Phone,Electronics,1.0,499.26,UK,499.26,2025,1,Jan
157447,2025-01-11,2013,Shoes,Accessories,2.0,1008.42,USA,2016.84,2025,1,Jan
146783,2025-01-12,2219,Laptop,Unknown,1.0,1027.91,UK,1027.91,2025,1,Jan
199003,2025-01-13,2062,Shoes,Electronics,2.0,327.27,Germany,654.54,2025,1,Jan
188193,2025-01-14,2057,Phone,Electronics,4.0,594.46,UK,2377.84,2025,1,Jan
114226,2025-01-15,2293,Phone,Unknown,3.0,610.17,UK,1830.5099999999998,2025,1,Jan
177493,2025-01-16,2107,Bag,Fashion,3.0,1322.17,France,3966.51,2025,1,Jan
113596,2025-01-17,2025,Phone,Electronics,3.0,977.47,France,2932.41,2025,1,Jan
182368,2025-01-18,2268,Phone,Fashion,4.0,1051.41,UK,4205.64,2025,1,Jan
177528,2025-01-19,2052,Laptop,Electronics,2.0,265.36,USA,530.72,2025,1,Jan
130281,2025-01-20,2253,Shoes,Electronics,1.0,1481.05,France,1481.05,2025,1,Jan
148008,2025-01-21,2073,Phone,Accessories,3.0,467.31,UK,1401.93,2025,1,Jan
124530,2025-01-22,2072,Watch,Accessories,1.0,764.1,Unknown,764.1,2025,1,Jan
103467,2025-01-23,2144,Shoes,Electronics,4.0,168.52,France,674.08,2025,1,Jan
110716,2025-01-24,2254,Phone,Accessories,1.0,374.57,UK,374.57,2025,1,Jan
122901,2025-01-25,2229,Laptop,Fashion,2.0,255.42,Unknown,510.84,2025,1,Jan
160241,2025-01-26,2294,Laptop,Fashion,3.0,1172.04,USA,3516.12,2025,1,Jan
129111,2025-01-27,2176,Phone,Electronics,1.0,1390.43,UK,1390.43,2025,1,Jan
168623,2025-01-28,2188,Shoes,Electronics,1.0,1017.66,Germany,1017.66,2025,1,Jan
100131,2025-01-29,2006,Phone,Accessories,4.0,1190.95,USA,4763.8,2025,1,Jan
162570,2025-01-30,2119,Bag,Fashion,1.0,250.51,Germany,250.51,2025,1,Jan
159864,2025-01-31,2001,Laptop,Electronics,2.0,662.78,France,1325.56,2025,1,Jan
194010,2025-02-01,2191,Headphones,Electronics,2.0,159.0,UK,318.0,2025,2,Feb
177525,2025-02-02,2193,Phone,Electronics,1.0,1386.79,Germany,1386.79,2025,2,Feb
101614,2025-02-03,2125,Watch,Fashion,3.0,1030.85,Nigeria,3092.5499999999997,2025,2,Feb
135695,2025-02-04,2277,Laptop,Fashion,1.0,156.0,Unknown,156.0,2025,2,Feb
190945,2025-02-05,2256,Laptop,Electronics,4.0,1108.27,UK,4433.08,2025,2,Feb
137708,2025-02-06,2214,Bag,Electronics,2.0,458.62,France,917.24,2025,2,Feb
166827,2025-02-07,2164,Headphones,Fashion,3.0,1380.94,France,4142.82,2025,2,Feb
191417,2025-02-08,2154,Bag,Unknown,4.0,100.16,France,400.64,2025,2,Feb
183303,2025-02-09,2148,Bag,Electronics,1.0,470.47,Germany,470.47,2025,2,Feb
104845,2025-02-11,2034,Unknown,Unknown,3.0,159.45,USA,478.34999999999997,2025,2,Feb
121922,2025-02-12,2241,Unknown,Fashion,1.0,414.37,Germany,414.37,2025,2,Feb
152222,2025-02-13,2061,Watch,Electronics,1.0,266.21,UK,266.21,2025,2,Feb
176304,2025-02-14,2155,Watch,Electronics,2.0,1339.33,Unknown,2678.66,2025,2,Feb
168129,2025-02-15,2228,Shoes,Electronics,3.0,722.4,USA,2167.2,2025,2,Feb
156492,2025-02-16,2073,Unknown,Electronics,1.0,1284.79,USA,1284.79,2025,2,Feb
199814,2025-02-17,2052,Headphones,Fashion,2.0,493.03,USA,986.06,2025,2,Feb
141768,2025-02-18,2084,Watch,Electronics,1.0,1005.23,Germany,1005.23,2025,2,Feb
133363,2025-02-21,2141,Headphones,Unknown,3.0,390.46,UK,1171.3799999999999,2025,2,Feb
170386,2025-02-22,2265,Bag,Unknown,2.0,411.22,USA,822.44,2025,2,Feb
186935,2025-02-23,2155,Headphones,Fashion,1.0,183.16,Nigeria,183.16,2025,2,Feb
171071,2025-02-24,2090,Headphones,Electronics,1.0,585.53,UK,585.53,2025,2,Feb
141622,2025-02-25,2034,Bag,Electronics,3.0,263.0,USA,789.0,2025,2,Feb
123616,2025-02-26,2037,Bag,Fashion,1.0,1026.4,Unknown,1026.4,2025,2,Feb
164799,2025-02-27,2006,Laptop,Fashion,3.0,778.49,USA,2335.4700000000003,2025,2,Feb
157427,2025-03-01,2003,Shoes,Electronics,2.0,1311.64,Unknown,2623.28,2025,3,Mar
143827,2025-03-02,2075,Phone,Electronics,2.0,282.03,USA,564.06,2025,3,Mar
165017,2025-03-03,2234,Shoes,Unknown,2.0,1050.31,UK,2100.62,2025,3,Mar
144428,2025-03-04,2267,Unknown,Electronics,1.0,281.82,Germany,281.82,2025,3,Mar
105130,2025-03-06,2211,Shoes,Electronics,3.0,63.41,Germany,190.23,2025,3,Mar
154772,2025-03-07,2282,Laptop,Fashion,3.0,56.42,Unknown,169.26,2025,3,Mar
141808,2025-03-08,2255,Watch,Fashion,2.0,623.99,USA,1247.98,2025,3,Mar
193254,2025-03-09,2080,Unknown,Electronics,2.0,1489.83,France,2979.66,2025,3,Mar
167267,2025-03-10,2163,Laptop,Unknown,3.0,225.5,Germany,676.5,2025,3,Mar
150512,2025-03-11,2052,Shoes,Fashion,1.0,1131.08,Unknown,1131.08,2025,3,Mar
187360,2025-03-12,2080,Laptop,Accessories,3.0,862.93,UK,2588.79,2025,3,Mar
142113,2025-03-13,2188,Laptop,Accessories,2.0,424.76,Unknown,849.52,2025,3,Mar
126418,2025-03-14,2099,Headphones,Fashion,1.0,1153.38,Unknown,1153.38,2025,3,Mar
180736,2025-03-15,2127,Phone,Electronics,4.0,446.59,France,1786.36,2025,3,Mar
182283,2025-03-16,2154,Bag,Electronics,1.0,257.26,USA,257.26,2025,3,Mar
104562,2025-03-17,2051,Phone,Fashion,2.0,295.2,USA,590.4,2025,3,Mar
108889,2025-03-18,2283,Watch,Fashion,4.0,286.6,USA,1146.4,2025,3,Mar
185398,2025-03-19,2132,Phone,Fashion,4.0,1139.05,USA,4556.2,2025,3,Mar
140719,2025-03-20,2213,Bag,Accessories,4.0,795.04,UK,3180.16,2025,3,Mar
109103,2025-03-21,2103,Phone,Electronics,2.0,982.08,Germany,1964.16,2025,3,Mar
168935,2025-03-22,2241,Shoes,Electronics,1.0,1342.01,UK,1342.01,2025,3,Mar
179131,2025-03-23,2279,Shoes,Electronics,2.0,256.51,UK,513.02,2025,3,Mar
114552,2025-03-24,2107,Shoes,Electronics,2.0,636.42,UK,1272.84,2025,3,Mar
152026,2025-03-26,2043,Unknown,Electronics,4.0,527.93,Nigeria,2111.72,2025,3,Mar
143224,2025-03-27,2006,Phone,Fashion,2.0,994.1,France,1988.2,2025,3,Mar
196204,2025-03-28,2205,Unknown,Electronics,2.0,542.8,UK,1085.6,2025,3,Mar
118701,2025-03-29,2145,Bag,Fashion,2.0,272.17,Germany,544.34,2025,3,Mar
106034,2025-03-30,2125,Headphones,Electronics,4.0,803.39,Germany,3213.56,2025,3,Mar
173678,2025-03-31,2274,Headphones,Electronics,1.0,28.0,UK,28.0,2025,3,Mar
155060,2025-04-01,2240,Watch,Electronics,1.0,580.69,USA,580.69,2025,4,Apr
105703,2025-04-02,2130,Phone,Unknown,3.0,1029.62,France,3088.8599999999997,2025,4,Apr
130391,2025-04-03,2027,Phone,Fashion,4.0,400.27,USA,1601.08,2025,4,Apr
193484,2025-04-04,2235,Shoes,Electronics,1.0,1090.62,USA,1090.62,2025,4,Apr
130955,2025-04-05,2207,Unknown,Electronics,1.0,742.13,USA,742.13,2025,4,Apr
189333,2025-04-06,2051,Headphones,Fashion,3.0,435.23,USA,1305.69,2025,4,Apr
152315,2025-04-07,2215,Shoes,Fashion,2.0,649.88,France,1299.76,2025,4,Apr
122572,2025-04-08,2158,Shoes,Fashion,1.0,103.1,Unknown,103.1,2025,4,Apr
107951,2025-04-09,2013,Bag,Electronics,2.0,724.84,Nigeria,1449.68,2025,4,Apr
183543,2025-04-10,2242,Bag,Electronics,1.0,617.37,Germany,617.37,2025,4,Apr
171627,2025-04-11,2174,Watch,Electronics,3.0,694.38,Germany,2083.14,2025,4,Apr
141470,2025-04-13,2097,Unknown,Electronics,2.0,46.24,Germany,92.48,2025,4,Apr
107581,2025-04-14,2260,Bag,Electronics,2.0,201.54,France,403.08,2025,4,Apr
